TRUNCATE TABLE produk, umkm, kategori, desa RESTART IDENTITY CASCADE;
INSERT INTO kategori (id, nama) OVERRIDING SYSTEM VALUE VALUES (1, 'Pertanian');
INSERT INTO kategori (id, nama) OVERRIDING SYSTEM VALUE VALUES (2, 'Kopi');
INSERT INTO kategori (id, nama) OVERRIDING SYSTEM VALUE VALUES (3, 'Madu');
INSERT INTO kategori (id, nama) OVERRIDING SYSTEM VALUE VALUES (4, 'Kerajinan');
INSERT INTO kategori (id, nama) OVERRIDING SYSTEM VALUE VALUES (5, 'Sayuran');
INSERT INTO kategori (id, nama) OVERRIDING SYSTEM VALUE VALUES (6, 'Snack');
INSERT INTO kategori (id, nama) OVERRIDING SYSTEM VALUE VALUES (7, 'Teh');
INSERT INTO kategori (id, nama) OVERRIDING SYSTEM VALUE VALUES (8, 'Cokelat');
INSERT INTO kategori (id, nama) OVERRIDING SYSTEM VALUE VALUES (9, 'Minuman');
INSERT INTO kategori (id, nama) OVERRIDING SYSTEM VALUE VALUES (10, 'Oleh-Oleh');
INSERT INTO desa (id, nama_desa, kecamatan, kabupaten, latitude, longitude, deskripsi) OVERRIDING SYSTEM VALUE VALUES (1, 'Desa Sukajaya', 'Sukajaya', 'Kabupaten Bogor', -6.6189, 106.5123, 'Desa Sukajaya terletak di kawasan perbukitan Kecamatan Sukajaya, Kabupaten Bogor, Jawa Barat, pada ketinggian 700-1.100 mdpl dengan tanah vulkanik subur. Terkenal dengan kopi robusta, madu hutan, dan anyaman bambu.');
INSERT INTO umkm (id, nama, pemilik, alamat, no_hp, sejak, foto, desa_id) OVERRIDING SYSTEM VALUE VALUES (1, 'Pak Ahmad Rifa''i – Kelompok Tani Hutan Sukajaya', 'Pak Ahmad Rifa''i – Kelompok Tani Hutan Sukajaya', 'Kp. Cisarua RT 02/RW 04, Desa Sukajaya, Kec. Sukajaya, Kab. Bogor, Jawa Barat 16660', '6281234561101', '2011', '/images/petani/laki.jpeg', 1);
INSERT INTO produk (id, nama, harga, stok, gambar, deskripsi, satuan, keunggulan, cerita, kategori_id, umkm_id, created_at) OVERRIDING SYSTEM VALUE VALUES (1, 'Madu Hutan Sukajaya', 68000, 68, '/images/produk/madu_hutan_sukajaya.jpg', 'Madu murni hasil lebah liar dari kawasan hutan Sukajaya.', '250 ml', '100% alami, kaya antioksidan.', 'Lebah mencari nektar dari bunga kaliandra, kopi, dan berbagai tanaman hutan yang tumbuh alami di perbukitan Sukajaya. Proses panen dilakukan secara hati-hati agar koloni lebah tetap lestari. Setiap tetes madu membawa cita rasa khas hutan pegunungan Bogor yang masih terjaga keasriannya.', 3, 1, NOW());
INSERT INTO umkm (id, nama, pemilik, alamat, no_hp, sejak, foto, desa_id) OVERRIDING SYSTEM VALUE VALUES (2, 'Pak Ahmad Rifa''i', 'Pak Ahmad Rifa''i', 'Kp. Cisarua RT 02/RW 04, Desa Sukajaya, Kec. Sukajaya, Kab. Bogor, Jawa Barat 16660', '6281234561101', '2011', '/images/petani/laki2.jpeg', 1);
INSERT INTO produk (id, nama, harga, stok, gambar, deskripsi, satuan, keunggulan, cerita, kategori_id, umkm_id, created_at) OVERRIDING SYSTEM VALUE VALUES (2, 'Madu Kaliandra Premium', 125000, 107, '/images/produk/madu_kaliandra_premium.jpg', 'Madu premium dari bunga kaliandra.', '500 ml', 'Aroma floral, kadar air rendah.', 'Saat musim bunga kaliandra mekar, lebah menghasilkan madu dengan aroma bunga yang khas dan rasa manis yang lembut. Varian ini hanya tersedia pada musim tertentu sehingga menjadi produk premium desa.', 3, 2, NOW());
INSERT INTO umkm (id, nama, pemilik, alamat, no_hp, sejak, foto, desa_id) OVERRIDING SYSTEM VALUE VALUES (3, 'UMKM Sukajaya Herbal', 'UMKM Sukajaya Herbal', 'Kp. Sukamaju RT 03/RW 02, Desa Sukajaya, Kec. Sukajaya, Kab. Bogor', '6281234561102', '2020', '/images/petani/lakik.jpeg', 1);
INSERT INTO produk (id, nama, harga, stok, gambar, deskripsi, satuan, keunggulan, cerita, kategori_id, umkm_id, created_at) OVERRIDING SYSTEM VALUE VALUES (3, 'Honey Ginger', 42000, 65, '/images/produk/honey_ginger.jpg', 'Minuman madu dan jahe merah.', '300 ml', 'Menghangatkan tubuh.', 'Jahe merah dari kebun warga dipadukan dengan madu hutan sehingga menghasilkan minuman herbal yang menjadi favorit masyarakat saat musim hujan.', 3, 3, NOW());
INSERT INTO produk (id, nama, harga, stok, gambar, deskripsi, satuan, keunggulan, cerita, kategori_id, umkm_id, created_at) OVERRIDING SYSTEM VALUE VALUES (4, 'Honey Lemon', 40000, 94, '/images/produk/honey_lemon.jpg', 'Minuman madu lemon segar.', '300 ml', 'Menyegarkan.', 'Lemon segar dan madu alami dipadukan menjadi minuman praktis yang cocok dinikmati kapan saja.', 3, 3, NOW());
INSERT INTO umkm (id, nama, pemilik, alamat, no_hp, sejak, foto, desa_id) OVERRIDING SYSTEM VALUE VALUES (4, 'Pak Budi Santoso', 'Pak Budi Santoso', 'Kp. Pasir Eurih RT 01/RW 03, Desa Sukajaya, Kec. Sukajaya, Kab. Bogor', '6281234561103', '2009', '/images/petani/lakikk.jpeg', 1);
INSERT INTO produk (id, nama, harga, stok, gambar, deskripsi, satuan, keunggulan, cerita, kategori_id, umkm_id, created_at) OVERRIDING SYSTEM VALUE VALUES (5, 'Kopi Robusta Sukajaya', 58000, 29, '/images/produk/kopi_robusta_sukajaya.jpg', 'Kopi robusta khas Sukajaya dengan body kuat.', '250 gr', 'Aroma cokelat dan earthy.', 'Pohon kopi tumbuh di lereng perbukitan dengan naungan pepohonan hutan rakyat. Buah kopi dipanen secara selektif saat matang merah untuk menghasilkan rasa yang lebih seimbang.', 2, 4, NOW());
INSERT INTO produk (id, nama, harga, stok, gambar, deskripsi, satuan, keunggulan, cerita, kategori_id, umkm_id, created_at) OVERRIDING SYSTEM VALUE VALUES (6, 'Robusta Premium', 72000, 27, '/images/produk/robusta_premium.jpg', 'Robusta kualitas premium.', '250 gr', 'Specialty Grade.', 'Hanya buah kopi terbaik yang dipilih dan diproses secara teliti sehingga menghasilkan cita rasa yang konsisten.', 2, 4, NOW());
INSERT INTO umkm (id, nama, pemilik, alamat, no_hp, sejak, foto, desa_id) OVERRIDING SYSTEM VALUE VALUES (5, 'UMKM Sukajaya Coffee', 'UMKM Sukajaya Coffee', 'Kp. Sukahurip RT 05/RW 01, Desa Sukajaya, Kec. Sukajaya, Kab. Bogor', '6281234561104', '2018', '/images/petani/lakilaki.jpeg', 1);
INSERT INTO produk (id, nama, harga, stok, gambar, deskripsi, satuan, keunggulan, cerita, kategori_id, umkm_id, created_at) OVERRIDING SYSTEM VALUE VALUES (7, 'Drip Bag Coffee', 48000, 101, '/images/produk/drip_bag_coffee.jpg', 'Kopi seduh praktis.', '10 sachet', 'Fresh roasted.', 'Biji kopi dipanggang dalam jumlah kecil agar aroma tetap segar sebelum dikemas menjadi drip bag.', 2, 5, NOW());
INSERT INTO produk (id, nama, harga, stok, gambar, deskripsi, satuan, keunggulan, cerita, kategori_id, umkm_id, created_at) OVERRIDING SYSTEM VALUE VALUES (8, 'Kopi Bubuk Tradisional', 40000, 63, '/images/produk/kopi_bubuk_tradisional.jpg', 'Kopi bubuk sangrai tradisional.', '200 gr', 'Disangrai menggunakan tungku kayu.', 'Proses sangrai tradisional menggunakan kayu bakar memberikan aroma khas yang menjadi ciri kopi desa ini.', 2, 5, NOW());
INSERT INTO umkm (id, nama, pemilik, alamat, no_hp, sejak, foto, desa_id) OVERRIDING SYSTEM VALUE VALUES (6, 'Pak Darman', 'Pak Darman', 'Kp. Cileuksa RT 04/RW 05, Desa Sukajaya, Kec. Sukajaya, Kab. Bogor', '6281234561105', '2012', '/images/petani/lakiiii.jpeg', 1);
INSERT INTO produk (id, nama, harga, stok, gambar, deskripsi, satuan, keunggulan, cerita, kategori_id, umkm_id, created_at) OVERRIDING SYSTEM VALUE VALUES (9, 'Alpukat Sukajaya', 35000, 51, '/images/produk/alpukat_mentega.jpg', 'Alpukat mentega berkualitas.', '1 kg', 'Daging tebal, gurih.', 'Alpukat tumbuh subur di tanah pegunungan dengan curah hujan tinggi sehingga menghasilkan buah berukuran besar dan tekstur lembut.', 1, 6, NOW());
INSERT INTO produk (id, nama, harga, stok, gambar, deskripsi, satuan, keunggulan, cerita, kategori_id, umkm_id, created_at) OVERRIDING SYSTEM VALUE VALUES (10, 'Pisang Raja', 30000, 81, '/images/produk/pisang_raja.jpg', 'Pisang lokal.', '1 sisir', 'Manis alami.', 'Pisang ditanam secara tumpang sari bersama tanaman kopi sehingga lahan tetap produktif sepanjang tahun.', 1, 6, NOW());
INSERT INTO umkm (id, nama, pemilik, alamat, no_hp, sejak, foto, desa_id) OVERRIDING SYSTEM VALUE VALUES (7, 'Ibu Sulastri', 'Ibu Sulastri', 'Kp. Citeko RT 03/RW 01, Desa Tugu Utara', '6281234561206', '2016', '/images/petani/perempuan.jpeg', 1);
INSERT INTO produk (id, nama, harga, stok, gambar, deskripsi, satuan, keunggulan, cerita, kategori_id, umkm_id, created_at) OVERRIDING SYSTEM VALUE VALUES (11, 'Singkong Organik', 15000, 38, '/images/produk/singkong_organik.jpg', 'Singkong tanpa pupuk kimia.', '1 kg', 'Tekstur pulen.', 'Singkong menjadi bahan baku berbagai makanan khas yang diproduksi oleh UMKM desa.', 1, 7, NOW());
INSERT INTO produk (id, nama, harga, stok, gambar, deskripsi, satuan, keunggulan, cerita, kategori_id, umkm_id, created_at) OVERRIDING SYSTEM VALUE VALUES (12, 'Jagung Manis', 18000, 79, '/images/produk/jagung_manis.jpg', 'Jagung segar.', '1 kg', 'Dipanen muda.', 'Jagung dipanen pada usia optimal agar rasa manisnya tetap terjaga.', 1, 7, NOW());
INSERT INTO umkm (id, nama, pemilik, alamat, no_hp, sejak, foto, desa_id) OVERRIDING SYSTEM VALUE VALUES (8, 'Pak Rudi Hidayat', 'Pak Rudi Hidayat', 'Kp. Sukamaju RT 02/RW 07, Desa Sukajaya, Kec. Sukajaya, Kab. Bogor', '6281234561107', '2015', '/images/petani/laki-laki.jpeg', 1);
INSERT INTO produk (id, nama, harga, stok, gambar, deskripsi, satuan, keunggulan, cerita, kategori_id, umkm_id, created_at) OVERRIDING SYSTEM VALUE VALUES (13, 'Pakcoy Organik', 12000, 65, '/images/produk/pakcoy_organik.jpg', 'Pakcoy segar organik.', '250 gr', 'Renyah dan segar.', 'Ditanam menggunakan pupuk kompos buatan sendiri sehingga menghasilkan sayuran yang lebih alami.', 5, 8, NOW());
INSERT INTO produk (id, nama, harga, stok, gambar, deskripsi, satuan, keunggulan, cerita, kategori_id, umkm_id, created_at) OVERRIDING SYSTEM VALUE VALUES (14, 'Kangkung', 10000, 108, '/images/produk/kangkung.jpg', 'Kangkung segar.', '250 gr', 'Dipanen setiap pagi.', 'Air pegunungan yang bersih menjadi sumber irigasi utama lahan sayuran.', 5, 8, NOW());
INSERT INTO produk (id, nama, harga, stok, gambar, deskripsi, satuan, keunggulan, cerita, kategori_id, umkm_id, created_at) OVERRIDING SYSTEM VALUE VALUES (15, 'Bayam Hijau', 12000, 62, '/images/produk/bayam_hijau.jpg', 'Bayam segar.', '250 gr', 'Kaya zat besi.', 'Udara sejuk membantu daun tumbuh lebih segar dan lebar.', 5, 8, NOW());
INSERT INTO umkm (id, nama, pemilik, alamat, no_hp, sejak, foto, desa_id) OVERRIDING SYSTEM VALUE VALUES (9, 'Ibu Nani Rahmawati', 'Ibu Nani Rahmawati', 'Kp. Cibening RT 03/RW 04, Desa Sukajaya, Kec. Sukajaya, Kab. Bogor', '6281234561108', '2017', '/images/petani/perempuan (2).jpeg', 1);
INSERT INTO produk (id, nama, harga, stok, gambar, deskripsi, satuan, keunggulan, cerita, kategori_id, umkm_id, created_at) OVERRIDING SYSTEM VALUE VALUES (16, 'Cabai Merah', 22000, 74, '/images/produk/cabai_merah.jpg', 'Cabai segar lokal.', '250 gr', 'Pedas alami.', 'Cabai ditanam tanpa penyemprotan berlebihan sehingga kualitas dan rasanya tetap alami.', 1, 9, NOW());
INSERT INTO umkm (id, nama, pemilik, alamat, no_hp, sejak, foto, desa_id) OVERRIDING SYSTEM VALUE VALUES (10, 'Pak Ujang Supriatna', 'Pak Ujang Supriatna', 'Kp. Sukajadi RT 01/RW 02, Desa Sukajaya, Kec. Sukajaya, Kab. Bogor', '6281234561109', '2007', '/images/petani/lelaki.jpeg', 1);
INSERT INTO produk (id, nama, harga, stok, gambar, deskripsi, satuan, keunggulan, cerita, kategori_id, umkm_id, created_at) OVERRIDING SYSTEM VALUE VALUES (17, 'Keranjang Anyaman Bambu', 65000, 73, '/images/produk/keranjang_anyaman_bambu.jpg', 'Keranjang serbaguna.', '', 'Handmade.', 'Bambu berasal dari kebun warga dan dianyam menggunakan teknik tradisional yang diwariskan secara turun-temurun.', 4, 10, NOW());
INSERT INTO produk (id, nama, harga, stok, gambar, deskripsi, satuan, keunggulan, cerita, kategori_id, umkm_id, created_at) OVERRIDING SYSTEM VALUE VALUES (18, 'Rak Bambu', 135000, 86, '/images/produk/rak_bambu.jpg', 'Rak dekorasi.', '', 'Ramah lingkungan.', 'Produk dibuat tanpa mesin besar sehingga setiap rak memiliki karakter unik dari serat bambu alami.', 4, 10, NOW());
INSERT INTO umkm (id, nama, pemilik, alamat, no_hp, sejak, foto, desa_id) OVERRIDING SYSTEM VALUE VALUES (11, 'UMKM Kayu Sukajaya', 'UMKM Kayu Sukajaya', 'Kp. Sukajaya RT 05/RW 03, Desa Sukajaya, Kec. Sukajaya, Kab. Bogor', '6281234561110', '2019', '/images/petani/lelakii.jpeg', 1);
INSERT INTO produk (id, nama, harga, stok, gambar, deskripsi, satuan, keunggulan, cerita, kategori_id, umkm_id, created_at) OVERRIDING SYSTEM VALUE VALUES (19, 'Talenan Kayu', 55000, 92, '/images/produk/talenan_kayu.jpg', 'Talenan kayu mahoni.', '', 'Awet dan kuat.', 'Kayu berasal dari hutan rakyat yang dikelola secara lestari sehingga tetap menjaga keseimbangan lingkungan.', 4, 11, NOW());
INSERT INTO produk (id, nama, harga, stok, gambar, deskripsi, satuan, keunggulan, cerita, kategori_id, umkm_id, created_at) OVERRIDING SYSTEM VALUE VALUES (20, 'Tempat Pensil Bambu', 35000, 63, '/images/produk/empat_pensil_bambu.jpg', 'Kerajinan bambu.', '', 'Handmade.', 'Setiap produk dibuat langsung oleh pemuda desa sebagai bagian dari pemberdayaan ekonomi lokal.', 4, 11, NOW());
INSERT INTO umkm (id, nama, pemilik, alamat, no_hp, sejak, foto, desa_id) OVERRIDING SYSTEM VALUE VALUES (12, 'UMKM Rasa Sukajaya', 'UMKM Rasa Sukajaya', 'Kp. Cileuksa RT 02/RW 01, Desa Sukajaya, Kec. Sukajaya, Kab. Bogor', '6281234561111', '2018', '/images/petani/laki.jpeg', 1);
INSERT INTO produk (id, nama, harga, stok, gambar, deskripsi, satuan, keunggulan, cerita, kategori_id, umkm_id, created_at) OVERRIDING SYSTEM VALUE VALUES (21, 'Keripik Singkong', 18000, 115, '/images/produk/keripik_singkong.jpg', 'Keripik singkong renyah.', '200 gr', 'Tanpa pengawet.', 'Singkong hasil panen warga diolah pada hari yang sama agar menghasilkan tekstur renyah dan rasa yang lebih gurih.', 6, 12, NOW());
INSERT INTO produk (id, nama, harga, stok, gambar, deskripsi, satuan, keunggulan, cerita, kategori_id, umkm_id, created_at) OVERRIDING SYSTEM VALUE VALUES (22, 'Keripik Pisang', 22000, 50, '/images/produk/keripik_pisang.jpg', 'Keripik pisang.', '200 gr', 'Pisang lokal pilihan.', 'Pisang yang matang sempurna diolah menjadi camilan sehingga hasil panen memiliki nilai jual lebih tinggi.', 6, 12, NOW());
INSERT INTO umkm (id, nama, pemilik, alamat, no_hp, sejak, foto, desa_id) OVERRIDING SYSTEM VALUE VALUES (13, 'UMKM Cita Rasa Desa', 'UMKM Cita Rasa Desa', 'Kp. Sukahurip RT 03/RW 05, Desa Sukajaya, Kec. Sukajaya, Kab. Bogor', '6281234561112', '2021', '/images/petani/laki2.jpeg', 1);
INSERT INTO produk (id, nama, harga, stok, gambar, deskripsi, satuan, keunggulan, cerita, kategori_id, umkm_id, created_at) OVERRIDING SYSTEM VALUE VALUES (23, 'Dodol Alpukat', 35000, 101, '/images/produk/dodol_alpukat.jpg', 'Dodol berbahan alpukat.', '250 gr', 'Inovasi khas Sukajaya.', 'Berawal dari melimpahnya panen alpukat, warga menciptakan dodol alpukat sebagai produk unik yang memadukan resep tradisional dengan buah lokal.', 6, 13, NOW());
INSERT INTO produk (id, nama, harga, stok, gambar, deskripsi, satuan, keunggulan, cerita, kategori_id, umkm_id, created_at) OVERRIDING SYSTEM VALUE VALUES (24, 'Cookies Kopi Sukajaya', 32000, 91, '/images/produk/cookies_kopi_sukajaya.jpg', 'Kue kering dengan bubuk kopi robusta.', '180 gr', 'Aroma kopi khas Sukajaya.', 'Cookies ini dibuat menggunakan kopi robusta lokal yang disangrai sendiri oleh petani sehingga menghadirkan aroma kopi yang kuat dalam setiap gigitan.', 2, 13, NOW());
INSERT INTO desa (id, nama_desa, kecamatan, kabupaten, latitude, longitude, deskripsi) OVERRIDING SYSTEM VALUE VALUES (2, 'Desa Tugu Utara', 'Cisarua', 'Kabupaten Bogor', -6.7023, 106.9512, 'Desa Tugu Utara terletak di lereng Gunung Gede Pangrango, Cisarua, Bogor, pada ketinggian 900-1.500 mdpl. Sentra hortikultura, kopi, dan lebah madu di kawasan Puncak Bogor.');
INSERT INTO umkm (id, nama, pemilik, alamat, no_hp, sejak, foto, desa_id) OVERRIDING SYSTEM VALUE VALUES (14, 'Kelompok Tani Lebah Gunung Lestari (Pak Hendra Gunawan)', 'Kelompok Tani Lebah Gunung Lestari (Pak Hendra Gunawan)', 'Kp. Gunung Mas RT 02/RW 03, Desa Tugu Utara, Kec. Cisarua, Kab. Bogor', '6281234561201', '2011', '/images/petani/pr.jpeg', 2);
INSERT INTO produk (id, nama, harga, stok, gambar, deskripsi, satuan, keunggulan, cerita, kategori_id, umkm_id, created_at) OVERRIDING SYSTEM VALUE VALUES (25, 'Madu Kaliandra Tugu', 68000, 34, '/images/produk/cookies_madu.jpg', 'Madu murni dari bunga Kaliandra yang tumbuh di lereng Puncak.', '250 ml', 'Aroma harum, kaya antioksidan.', 'Lebah mengumpulkan nektar dari ribuan bunga Kaliandra yang tumbuh di kawasan pegunungan Puncak. Udara yang bersih dan minim polusi menghasilkan madu dengan aroma bunga yang khas serta rasa manis alami. Setiap panen dilakukan secara hati-hati agar koloni lebah tetap terjaga.', 3, 14, NOW());
INSERT INTO umkm (id, nama, pemilik, alamat, no_hp, sejak, foto, desa_id) OVERRIDING SYSTEM VALUE VALUES (15, 'Pak Hendra Gunawan', 'Pak Hendra Gunawan', 'Kp. Gunung Mas RT 02/RW 03, Desa Tugu Utara, Kec. Cisarua, Kab. Bogor', '6281234561201', '2011', '/images/petani/lakik.jpeg', 2);
INSERT INTO produk (id, nama, harga, stok, gambar, deskripsi, satuan, keunggulan, cerita, kategori_id, umkm_id, created_at) OVERRIDING SYSTEM VALUE VALUES (26, 'Madu Multiflora Puncak', 120000, 37, '/images/produk/madu_multiflora_puncak.jpg', 'Madu dari berbagai bunga hutan pegunungan.', '500 ml', 'Rasa lebih kompleks.', 'Setiap musim berbunga menghasilkan karakter rasa yang berbeda sehingga tidak ada dua panen madu yang benar-benar sama. Inilah yang membuat madu multiflora menjadi favorit pecinta madu alami.', 3, 15, NOW());
INSERT INTO umkm (id, nama, pemilik, alamat, no_hp, sejak, foto, desa_id) OVERRIDING SYSTEM VALUE VALUES (16, 'UMKM Gunung Sehat', 'UMKM Gunung Sehat', 'Jl. Raya Puncak KM 84, Desa Tugu Utara, Kec. Cisarua', '6281234561202', '2019', '/images/petani/lakikk.jpeg', 2);
INSERT INTO produk (id, nama, harga, stok, gambar, deskripsi, satuan, keunggulan, cerita, kategori_id, umkm_id, created_at) OVERRIDING SYSTEM VALUE VALUES (27, 'Honey Lemon Herbal', 42000, 108, '/images/produk/honey_lemon_herbal.jpg', 'Minuman madu lemon.', '300 ml', 'Menyegarkan dan praktis.', 'Dibuat dari madu murni dan lemon pilihan sebagai minuman sehat khas pegunungan.', 3, 16, NOW());
INSERT INTO produk (id, nama, harga, stok, gambar, deskripsi, satuan, keunggulan, cerita, kategori_id, umkm_id, created_at) OVERRIDING SYSTEM VALUE VALUES (28, 'Madu Jahe Merah', 45000, 60, '/images/produk/madu_jahe_merah.jpg', 'Minuman herbal madu dan jahe merah.', '300 ml', 'Cocok untuk menghangatkan tubuh.', 'Perpaduan madu dan jahe merah lokal menjadi minuman favorit wisatawan yang berkunjung ke kawasan Puncak.', 3, 16, NOW());
INSERT INTO umkm (id, nama, pemilik, alamat, no_hp, sejak, foto, desa_id) OVERRIDING SYSTEM VALUE VALUES (17, 'Pak Rudi Hartono', 'Pak Rudi Hartono', 'Kp. Citeko RT 01/RW 05, Desa Tugu Utara', '6281234561203', '2009', '/images/petani/lakilaki.jpeg', 2);
INSERT INTO produk (id, nama, harga, stok, gambar, deskripsi, satuan, keunggulan, cerita, kategori_id, umkm_id, created_at) OVERRIDING SYSTEM VALUE VALUES (29, 'Arabika Gunung Mas', 88000, 54, '/images/produk/arabika_java_preanger.jpg', 'Kopi Arabika specialty dari lereng Gunung Gede Pangrango.', '250 gr', 'Aroma floral dan cokelat.', 'Buah kopi tumbuh di bawah naungan pepohonan hutan sehingga matang lebih lambat dan menghasilkan rasa yang lebih kompleks. Proses panen dilakukan secara selektif dengan hanya memetik buah merah yang benar-benar matang.', 2, 17, NOW());
INSERT INTO produk (id, nama, harga, stok, gambar, deskripsi, satuan, keunggulan, cerita, kategori_id, umkm_id, created_at) OVERRIDING SYSTEM VALUE VALUES (30, 'Arabika Premium', 98000, 77, '/images/produk/arabika_java_preanger.jpg', 'Biji kopi premium hasil sortasi terbaik.', '250 gr', 'Grade specialty.', 'Hanya buah kopi terbaik yang dipilih sehingga menghasilkan cita rasa premium yang banyak digunakan oleh kedai kopi specialty.', 2, 17, NOW());
INSERT INTO umkm (id, nama, pemilik, alamat, no_hp, sejak, foto, desa_id) OVERRIDING SYSTEM VALUE VALUES (18, 'UMKM Puncak Coffee', 'UMKM Puncak Coffee', 'Kp. Gunung Mas RT 03/RW 04, Desa Tugu Utara', '6281234561204', '2018', '/images/petani/lakiiii.jpeg', 2);
INSERT INTO produk (id, nama, harga, stok, gambar, deskripsi, satuan, keunggulan, cerita, kategori_id, umkm_id, created_at) OVERRIDING SYSTEM VALUE VALUES (31, 'Drip Bag Coffee', 60000, 51, '/images/produk/drip_bag_coffee.jpg', 'Kopi seduh praktis.', '10 sachet', 'Fresh roast.', 'Setiap batch dipanggang dalam jumlah kecil agar aroma kopi tetap maksimal hingga sampai ke tangan pelanggan.', 2, 18, NOW());
INSERT INTO produk (id, nama, harga, stok, gambar, deskripsi, satuan, keunggulan, cerita, kategori_id, umkm_id, created_at) OVERRIDING SYSTEM VALUE VALUES (32, 'Cold Brew Concentrate', 72000, 105, '/images/produk/cold_brew_concentrate.jpg', 'Konsentrat kopi dingin.', '500 ml', 'Praktis disajikan.', 'Menggunakan ekstraksi dingin selama lebih dari 18 jam sehingga menghasilkan rasa kopi yang lebih lembut dan minim rasa pahit.', 2, 18, NOW());
INSERT INTO umkm (id, nama, pemilik, alamat, no_hp, sejak, foto, desa_id) OVERRIDING SYSTEM VALUE VALUES (19, 'Pak Jajang Mulyana', 'Pak Jajang Mulyana', 'Kp. Tugu RT 02/RW 02, Desa Tugu Utara', '6281234561205', '2012', '/images/petani/laki-laki.jpeg', 2);
INSERT INTO produk (id, nama, harga, stok, gambar, deskripsi, satuan, keunggulan, cerita, kategori_id, umkm_id, created_at) OVERRIDING SYSTEM VALUE VALUES (33, 'Alpukat Mentega', 38000, 107, '/images/produk/alpukat_mentega.jpg', 'Alpukat berdaging tebal.', '1 kg', 'Tekstur lembut.', 'Alpukat tumbuh di lereng pegunungan dengan tanah vulkanik yang kaya unsur hara sehingga menghasilkan buah yang lebih padat dan gurih.', 1, 19, NOW());
INSERT INTO produk (id, nama, harga, stok, gambar, deskripsi, satuan, keunggulan, cerita, kategori_id, umkm_id, created_at) OVERRIDING SYSTEM VALUE VALUES (34, 'Jeruk Keprok', 34000, 51, '/images/produk/jeruk_keprok.jpg', 'Jeruk segar khas Puncak.', '1 kg', 'Manis segar.', 'Udara dingin membantu proses pematangan buah sehingga rasa manis berkembang secara alami.', 1, 19, NOW());
INSERT INTO umkm (id, nama, pemilik, alamat, no_hp, sejak, foto, desa_id) OVERRIDING SYSTEM VALUE VALUES (20, 'Ibu Sulastri', 'Ibu Sulastri', 'Kp. Citeko RT 03/RW 01, Desa Tugu Utara', '6281234561206', '2015', '/images/petani/prmpuan.jpeg', 2);
INSERT INTO produk (id, nama, harga, stok, gambar, deskripsi, satuan, keunggulan, cerita, kategori_id, umkm_id, created_at) OVERRIDING SYSTEM VALUE VALUES (35, 'Markisa Ungu', 26000, 71, '/images/produk/markisa_ungu.jpg', 'Buah markisa segar.', '500 gr', 'Aroma kuat.', 'Markisa dipanen saat matang sempurna agar menghasilkan rasa asam manis yang menyegarkan.', 1, 20, NOW());
INSERT INTO produk (id, nama, harga, stok, gambar, deskripsi, satuan, keunggulan, cerita, kategori_id, umkm_id, created_at) OVERRIDING SYSTEM VALUE VALUES (36, 'Tomat Cherry Premium', 24000, 68, '/images/produk/tomat_cherry_premium.jpg', 'Tomat cherry berkualitas premium.', '500 gr', 'Cocok salad.', 'Sinar matahari pagi dan udara sejuk menghasilkan tomat dengan warna merah cerah dan rasa manis alami.', 5, 20, NOW());
INSERT INTO umkm (id, nama, pemilik, alamat, no_hp, sejak, foto, desa_id) OVERRIDING SYSTEM VALUE VALUES (21, 'Pak Dedi Saputra', 'Pak Dedi Saputra', 'Kp. Tugu Selatan RT 04/RW 05, Desa Tugu Utara', '6281234561207', '2014', '/images/petani/lelaki.jpeg', 2);
INSERT INTO produk (id, nama, harga, stok, gambar, deskripsi, satuan, keunggulan, cerita, kategori_id, umkm_id, created_at) OVERRIDING SYSTEM VALUE VALUES (37, 'Selada Romaine', 16000, 29, '/images/produk/selada_romaine.jpg', 'Selada segar premium.', '250 gr', 'Daun renyah.', 'Dipanen setiap pagi sebelum matahari terik sehingga kesegaran daun tetap terjaga.', 5, 21, NOW());
INSERT INTO produk (id, nama, harga, stok, gambar, deskripsi, satuan, keunggulan, cerita, kategori_id, umkm_id, created_at) OVERRIDING SYSTEM VALUE VALUES (38, 'Pakcoy Organik', 15000, 112, '/images/produk/pakcoy_organik.jpg', 'Pakcoy organik.', '300 gr', 'Bebas pestisida.', 'Menggunakan pupuk kompos alami dari peternakan sekitar desa.', 5, 21, NOW());
INSERT INTO umkm (id, nama, pemilik, alamat, no_hp, sejak, foto, desa_id) OVERRIDING SYSTEM VALUE VALUES (22, 'Pak Asep Nugraha', 'Pak Asep Nugraha', 'Kp. Gunung Mas RT 01/RW 06, Desa Tugu Utara', '6281234561208', '2010', '/images/petani/lelakii.jpeg', 2);
INSERT INTO produk (id, nama, harga, stok, gambar, deskripsi, satuan, keunggulan, cerita, kategori_id, umkm_id, created_at) OVERRIDING SYSTEM VALUE VALUES (39, 'Brokoli Organik', 24000, 83, '/images/produk/brokoli_organik.jpg', 'Brokoli hijau segar.', '500 gr', 'Kaya vitamin.', 'Kabut pegunungan menjaga kelembapan tanaman sehingga menghasilkan brokoli yang lebih padat.', 5, 22, NOW());
INSERT INTO produk (id, nama, harga, stok, gambar, deskripsi, satuan, keunggulan, cerita, kategori_id, umkm_id, created_at) OVERRIDING SYSTEM VALUE VALUES (40, 'Wortel Organik', 18000, 59, '/images/produk/wortel_organik.jpg', 'Wortel segar.', '500 gr', 'Manis alami.', 'Tanah vulkanik menghasilkan wortel berwarna oranye cerah dan kaya beta-karoten.', 5, 22, NOW());
INSERT INTO umkm (id, nama, pemilik, alamat, no_hp, sejak, foto, desa_id) OVERRIDING SYSTEM VALUE VALUES (23, 'Sanggar Anyaman Tugu (Pak Ujang Sopian)', 'Sanggar Anyaman Tugu (Pak Ujang Sopian)', 'Kp. Citeko RT 02/RW 07, Desa Tugu Utara', '6281234561209', '2007', '/images/petani/laki.jpeg', 2);
INSERT INTO produk (id, nama, harga, stok, gambar, deskripsi, satuan, keunggulan, cerita, kategori_id, umkm_id, created_at) OVERRIDING SYSTEM VALUE VALUES (41, 'Keranjang Anyaman Bambu', 80000, 99, '/images/produk/keranjang_anyaman_bambu.jpg', 'Keranjang handmade.', '', 'Ramah lingkungan.', 'Bambu yang tumbuh subur di sekitar kawasan Puncak diolah menjadi keranjang menggunakan teknik anyaman tradisional yang diwariskan turun-temurun.', 4, 23, NOW());
INSERT INTO umkm (id, nama, pemilik, alamat, no_hp, sejak, foto, desa_id) OVERRIDING SYSTEM VALUE VALUES (24, 'Pak Ujang Sopian', 'Pak Ujang Sopian', 'Kp. Citeko RT 02/RW 07, Desa Tugu Utara', '6281234561209', '2007', '/images/petani/laki2.jpeg', 2);
INSERT INTO produk (id, nama, harga, stok, gambar, deskripsi, satuan, keunggulan, cerita, kategori_id, umkm_id, created_at) OVERRIDING SYSTEM VALUE VALUES (42, 'Rak Bambu Minimalis', 165000, 68, '/images/produk/rak_bambu.jpg', 'Rak serbaguna.', '', 'Kuat dan awet.', 'Perpaduan desain modern dengan teknik tradisional menghasilkan produk yang diminati wisatawan.', 4, 24, NOW());
INSERT INTO umkm (id, nama, pemilik, alamat, no_hp, sejak, foto, desa_id) OVERRIDING SYSTEM VALUE VALUES (25, 'UMKM Alam Puncak Craft', 'UMKM Alam Puncak Craft', 'Kp. Gunung Mas RT 05/RW 01, Desa Tugu Utara', '6281234561210', '2018', '/images/petani/lakik.jpeg', 2);
INSERT INTO produk (id, nama, harga, stok, gambar, deskripsi, satuan, keunggulan, cerita, kategori_id, umkm_id, created_at) OVERRIDING SYSTEM VALUE VALUES (43, 'Pot Tanaman Kayu', 95000, 85, '/images/produk/pot_tanaman.jpg', 'Pot dekoratif.', '', 'Handmade.', 'Memanfaatkan limbah kayu pinus menjadi produk bernilai tinggi sekaligus mengurangi limbah.', 4, 25, NOW());
INSERT INTO produk (id, nama, harga, stok, gambar, deskripsi, satuan, keunggulan, cerita, kategori_id, umkm_id, created_at) OVERRIDING SYSTEM VALUE VALUES (44, 'Lampu Hias Kayu', 180000, 47, '/images/produk/lampu_hias_kayu.jpg', 'Lampu dekorasi.', '', 'Finishing premium.', 'Motif ukiran terinspirasi dari bentuk daun teh dan pegunungan Puncak.', 4, 25, NOW());
INSERT INTO umkm (id, nama, pemilik, alamat, no_hp, sejak, foto, desa_id) OVERRIDING SYSTEM VALUE VALUES (26, 'UMKM Rasa Gunung', 'UMKM Rasa Gunung', 'Jl. Raya Puncak KM 83, Desa Tugu Utara', '6281234561211', '2016', '/images/petani/lakikk.jpeg', 2);
INSERT INTO produk (id, nama, harga, stok, gambar, deskripsi, satuan, keunggulan, cerita, kategori_id, umkm_id, created_at) OVERRIDING SYSTEM VALUE VALUES (45, 'Keripik Talas', 24000, 37, '/images/produk/keripik_talas.jpg', 'Keripik talas renyah.', '200 gr', 'Bahan baku lokal.', 'Talas yang banyak dibudidayakan masyarakat diolah menjadi camilan renyah dengan berbagai varian rasa sehingga memiliki nilai jual yang lebih tinggi.', 6, 26, NOW());
INSERT INTO produk (id, nama, harga, stok, gambar, deskripsi, satuan, keunggulan, cerita, kategori_id, umkm_id, created_at) OVERRIDING SYSTEM VALUE VALUES (46, 'Brownies Kopi', 42000, 115, '/images/produk/brownies_kopi.jpg', 'Brownies dengan kopi Arabika lokal.', '250 gr', 'Aroma kopi khas Puncak.', 'Perpaduan cokelat premium dan kopi Arabika menghasilkan brownies dengan aroma khas pegunungan.', 2, 26, NOW());
INSERT INTO umkm (id, nama, pemilik, alamat, no_hp, sejak, foto, desa_id) OVERRIDING SYSTEM VALUE VALUES (27, 'UMKM Puncak Bakery', 'UMKM Puncak Bakery', 'Kp. Tugu RT 03/RW 04, Desa Tugu Utara', '6281234561212', '2020', '/images/petani/lakilaki.jpeg', 2);
INSERT INTO produk (id, nama, harga, stok, gambar, deskripsi, satuan, keunggulan, cerita, kategori_id, umkm_id, created_at) OVERRIDING SYSTEM VALUE VALUES (47, 'Cookies Madu', 32000, 53, '/images/produk/cookies_madu.jpg', 'Kue kering madu.', '180 gr', 'Menggunakan madu murni lokal.', 'Madu Kaliandra memberikan rasa manis alami sekaligus aroma bunga yang lembut pada setiap gigitan.', 3, 27, NOW());
INSERT INTO produk (id, nama, harga, stok, gambar, deskripsi, satuan, keunggulan, cerita, kategori_id, umkm_id, created_at) OVERRIDING SYSTEM VALUE VALUES (48, 'Keripik Wortel', 22000, 54, '/images/produk/keripik_wortel.jpg', 'Keripik sehat dari wortel organik.', '150 gr', 'Kaya serat dan vitamin.', 'Diciptakan untuk mengolah hasil panen wortel melimpah menjadi camilan sehat yang disukai anak-anak maupun orang dewasa.', 5, 27, NOW());
INSERT INTO desa (id, nama_desa, kecamatan, kabupaten, latitude, longitude, deskripsi) OVERRIDING SYSTEM VALUE VALUES (3, 'Desa Penglipuran', 'Bangli', 'Kabupaten Bangli', -8.4522, 115.3524, 'Desa adat Penglipuran di Bangli, Bali, terkenal dengan kelestarian budaya dan arsitektur tradisional. Dikelilingi hutan bambu, mendukung budidaya jeruk kintamani, kakao, kopi, dan lebah madu trigona.');
INSERT INTO umkm (id, nama, pemilik, alamat, no_hp, sejak, foto, desa_id) OVERRIDING SYSTEM VALUE VALUES (28, 'Kelompok Tani Madu Penglipuran (Pak I Wayan Sudarma)', 'Kelompok Tani Madu Penglipuran (Pak I Wayan Sudarma)', 'Banjar Penglipuran, Desa Penglipuran, Kec. Bangli, Kab. Bangli, Bali 80619', '6281234561301', '2012', '/images/petani/lakiiii.jpeg', 3);
INSERT INTO produk (id, nama, harga, stok, gambar, deskripsi, satuan, keunggulan, cerita, kategori_id, umkm_id, created_at) OVERRIDING SYSTEM VALUE VALUES (49, 'Madu Trigona Penglipuran', 75000, 50, '/images/produk/madu_trigona_penglipuran.jpg', 'Madu murni dari lebah Trigona tanpa sengat dengan cita rasa manis sedikit asam.', '250 ml', 'Kaya propolis alami, antioksidan tinggi, dipanen tanpa merusak koloni lebah.', 'Di balik hutan bambu yang rindang, masyarakat Desa Penglipuran membudidayakan lebah Trigona secara alami. Lebah ini mengumpulkan nektar dari berbagai bunga liar, tanaman kopi, dan rempah yang tumbuh di lingkungan desa. Berkat udara yang sejuk dan ekosistem yang masih terjaga, madu yang dihasilkan memiliki aroma khas, rasa unik, dan kandungan propolis yang lebih tinggi dibanding madu biasa.', 3, 28, NOW());
INSERT INTO umkm (id, nama, pemilik, alamat, no_hp, sejak, foto, desa_id) OVERRIDING SYSTEM VALUE VALUES (29, 'Pak I Wayan Sudarma', 'Pak I Wayan Sudarma', 'Banjar Penglipuran, Desa Penglipuran, Kec. Bangli, Kab. Bangli, Bali 80619', '6281234561301', '2012', '/images/petani/laki-laki.jpeg', 3);
INSERT INTO produk (id, nama, harga, stok, gambar, deskripsi, satuan, keunggulan, cerita, kategori_id, umkm_id, created_at) OVERRIDING SYSTEM VALUE VALUES (50, 'Madu Trigona Premium', 135000, 60, '/images/produk/cookies_madu.jpg', 'Madu premium hasil panen terbatas.', '500 ml', 'Kadar air rendah, kualitas premium.', 'Setiap musim panen hanya sebagian kecil madu terbaik yang dipilih menjadi varian Premium. Madu dipanen secara manual tanpa merusak sarang sehingga kelestarian lebah tetap terjaga untuk generasi berikutnya.', 3, 29, NOW());
INSERT INTO umkm (id, nama, pemilik, alamat, no_hp, sejak, foto, desa_id) OVERRIDING SYSTEM VALUE VALUES (30, 'UMKM Arta Bali Herbal', 'UMKM Arta Bali Herbal', 'Banjar Tengah, Desa Penglipuran, Bangli', '6281234561302', '2019', '/images/petani/lelaki.jpeg', 3);
INSERT INTO produk (id, nama, harga, stok, gambar, deskripsi, satuan, keunggulan, cerita, kategori_id, umkm_id, created_at) OVERRIDING SYSTEM VALUE VALUES (51, 'Honey Lemon Bali', 45000, 95, '/images/produk/honey_lemon.jpg', 'Minuman madu dengan lemon segar Bali.', '300 ml', 'Menyegarkan dan meningkatkan daya tahan tubuh.', 'Perpaduan madu Trigona dengan lemon lokal Bali menghasilkan minuman herbal yang banyak dinikmati wisatawan setelah berkeliling Desa Penglipuran.', 3, 30, NOW());
INSERT INTO produk (id, nama, harga, stok, gambar, deskripsi, satuan, keunggulan, cerita, kategori_id, umkm_id, created_at) OVERRIDING SYSTEM VALUE VALUES (52, 'Madu Jahe Herbal', 48000, 81, '/images/produk/cookies_madu.jpg', 'Minuman herbal madu dan jahe merah.', '300 ml', 'Menghangatkan tubuh.', 'Jahe merah yang tumbuh di pekarangan warga dipadukan dengan madu Trigona sehingga menghasilkan minuman tradisional yang diwariskan turun-temurun oleh masyarakat Bali.', 3, 30, NOW());
INSERT INTO umkm (id, nama, pemilik, alamat, no_hp, sejak, foto, desa_id) OVERRIDING SYSTEM VALUE VALUES (31, 'Pak I Made Suarsa', 'Pak I Made Suarsa', 'Banjar Penglipuran Kaja, Desa Penglipuran', '6281234561303', '2008', '/images/petani/lelakii.jpeg', 3);
INSERT INTO produk (id, nama, harga, stok, gambar, deskripsi, satuan, keunggulan, cerita, kategori_id, umkm_id, created_at) OVERRIDING SYSTEM VALUE VALUES (53, 'Kopi Arabika Penglipuran', 85000, 100, '/images/produk/brownies_kopi.jpg', 'Kopi Arabika premium dataran tinggi Bali.', '250 gr', 'Aroma floral, body ringan, aftertaste manis.', 'Kopi ini tumbuh di dataran tinggi Bangli pada ketinggian sekitar 1.000 mdpl dengan suhu yang sejuk. Perbedaan suhu siang dan malam membuat buah kopi matang lebih lambat sehingga menghasilkan cita rasa floral dan sedikit citrus yang menjadi ciri khas kopi Bali.', 2, 31, NOW());
INSERT INTO produk (id, nama, harga, stok, gambar, deskripsi, satuan, keunggulan, cerita, kategori_id, umkm_id, created_at) OVERRIDING SYSTEM VALUE VALUES (54, 'Kopi Robusta Bali', 60000, 96, '/images/produk/brownies_kopi.jpg', 'Kopi robusta dengan karakter rasa kuat.', '250 gr', 'Body tebal dan aroma cokelat.', 'Pohon kopi robusta tumbuh berdampingan dengan tanaman buah dan rempah sehingga menciptakan lingkungan agroforestri yang alami dan ramah lingkungan.', 2, 31, NOW());
INSERT INTO umkm (id, nama, pemilik, alamat, no_hp, sejak, foto, desa_id) OVERRIDING SYSTEM VALUE VALUES (32, 'UMKM Bali Coffee Heritage', 'UMKM Bali Coffee Heritage', 'Banjar Kauh, Desa Penglipuran', '6281234561304', '2018', '/images/petani/laki.jpeg', 3);
INSERT INTO produk (id, nama, harga, stok, gambar, deskripsi, satuan, keunggulan, cerita, kategori_id, umkm_id, created_at) OVERRIDING SYSTEM VALUE VALUES (55, 'Drip Bag Coffee', 55000, 105, '/images/produk/drip_bag_coffee.jpg', 'Kopi seduh praktis.', '10 sachet', 'Menggunakan biji kopi pilihan.', 'Kopi dipanggang dalam jumlah kecil agar aroma tetap segar sebelum dikemas menjadi drip bag yang praktis dibawa saat bepergian.', 2, 32, NOW());
INSERT INTO produk (id, nama, harga, stok, gambar, deskripsi, satuan, keunggulan, cerita, kategori_id, umkm_id, created_at) OVERRIDING SYSTEM VALUE VALUES (56, 'Honey Process Coffee', 95000, 31, '/images/produk/honey_process_coffee.jpg', 'Kopi specialty dengan proses honey.', '250 gr', 'Rasa lebih manis dan kompleks.', 'Metode Honey Process mempertahankan lendir alami buah kopi saat proses pengeringan sehingga menghasilkan rasa manis alami dan aroma buah yang khas.', 2, 32, NOW());
INSERT INTO umkm (id, nama, pemilik, alamat, no_hp, sejak, foto, desa_id) OVERRIDING SYSTEM VALUE VALUES (33, 'Pak I Nyoman Arsana', 'Pak I Nyoman Arsana', 'Banjar Adat Penglipuran, Desa Penglipuran', '6281234561305', '2010', '/images/petani/laki2.jpeg', 3);
INSERT INTO produk (id, nama, harga, stok, gambar, deskripsi, satuan, keunggulan, cerita, kategori_id, umkm_id, created_at) OVERRIDING SYSTEM VALUE VALUES (57, 'Jeruk Kintamani', 32000, 99, '/images/produk/jeruk_kintamani.jpg', 'Jeruk manis dengan aroma khas.', '1 kg', 'Segar, kaya vitamin C.', 'Jeruk tumbuh di tanah vulkanik yang kaya mineral dengan udara pegunungan yang sejuk. Kondisi ini menghasilkan buah dengan rasa manis, sedikit asam, dan aroma yang sangat khas.', 1, 33, NOW());
INSERT INTO produk (id, nama, harga, stok, gambar, deskripsi, satuan, keunggulan, cerita, kategori_id, umkm_id, created_at) OVERRIDING SYSTEM VALUE VALUES (58, 'Kakao Fermentasi', 48000, 60, '/images/produk/kakao_fermentasi.jpg', 'Biji kakao fermentasi premium.', '500 gr', 'Aroma cokelat lebih kuat.', 'Kakao difermentasi selama beberapa hari menggunakan metode tradisional sehingga menghasilkan cita rasa cokelat yang lebih kaya sebelum diolah menjadi berbagai produk UMKM.', 1, 33, NOW());
INSERT INTO umkm (id, nama, pemilik, alamat, no_hp, sejak, foto, desa_id) OVERRIDING SYSTEM VALUE VALUES (34, 'Ibu Ni Luh Sari', 'Ibu Ni Luh Sari', 'Banjar Tengah, Desa Penglipuran', '6281234561306', '2016', '/images/petani/perempuan.jpeg', 3);
INSERT INTO produk (id, nama, harga, stok, gambar, deskripsi, satuan, keunggulan, cerita, kategori_id, umkm_id, created_at) OVERRIDING SYSTEM VALUE VALUES (59, 'Pisang Raja Bali', 28000, 35, '/images/produk/pisang_raja.jpg', 'Pisang lokal Bali.', '1 sisir', 'Manis alami dan bertekstur lembut.', 'Pisang ditanam di pekarangan rumah masyarakat sebagai bagian dari sistem pertanian keluarga yang telah berlangsung turun-temurun.', 1, 34, NOW());
INSERT INTO produk (id, nama, harga, stok, gambar, deskripsi, satuan, keunggulan, cerita, kategori_id, umkm_id, created_at) OVERRIDING SYSTEM VALUE VALUES (60, 'Kelapa Muda', 22000, 104, '/images/produk/kelapa_muda.jpg', 'Kelapa segar.', '1 buah', 'Air kelapa alami.', 'Kelapa dipanen langsung dari kebun warga yang memanfaatkan lahan pekarangan untuk memenuhi kebutuhan sehari-hari sekaligus menjadi sumber pendapatan tambahan.', 1, 34, NOW());
INSERT INTO umkm (id, nama, pemilik, alamat, no_hp, sejak, foto, desa_id) OVERRIDING SYSTEM VALUE VALUES (35, 'Pak Komang Ardika', 'Pak Komang Ardika', 'Banjar Kawan, Desa Penglipuran', '6281234561307', '2014', '/images/petani/lakik.jpeg', 3);
INSERT INTO produk (id, nama, harga, stok, gambar, deskripsi, satuan, keunggulan, cerita, kategori_id, umkm_id, created_at) OVERRIDING SYSTEM VALUE VALUES (61, 'Bayam Organik', 12000, 84, '/images/produk/bayam_hijau.jpg', 'Bayam segar tanpa pestisida kimia.', '250 gr', 'Dipanen pagi hari.', 'Bayam ditanam menggunakan pupuk organik hasil kompos rumah tangga sehingga menghasilkan daun yang lebih hijau dan segar.', 5, 35, NOW());
INSERT INTO produk (id, nama, harga, stok, gambar, deskripsi, satuan, keunggulan, cerita, kategori_id, umkm_id, created_at) OVERRIDING SYSTEM VALUE VALUES (62, 'Kangkung Organik', 10000, 97, '/images/produk/kangkung.jpg', 'Kangkung segar.', '250 gr', 'Bebas pestisida.', 'Air pegunungan yang jernih menjadi sumber irigasi alami bagi lahan sayuran masyarakat Penglipuran.', 5, 35, NOW());
INSERT INTO produk (id, nama, harga, stok, gambar, deskripsi, satuan, keunggulan, cerita, kategori_id, umkm_id, created_at) OVERRIDING SYSTEM VALUE VALUES (63, 'Sawi Hijau', 12000, 78, '/images/produk/sawi_hijau.jpg', 'Sayuran segar.', '300 gr', 'Tekstur renyah.', 'Udara sejuk desa membuat pertumbuhan sawi lebih lambat sehingga menghasilkan rasa yang lebih manis alami.', 5, 35, NOW());
INSERT INTO umkm (id, nama, pemilik, alamat, no_hp, sejak, foto, desa_id) OVERRIDING SYSTEM VALUE VALUES (36, 'Ibu Kadek Lestari', 'Ibu Kadek Lestari', 'Banjar Kelod, Desa Penglipuran', '6281234561308', '2017', '/images/petani/perempuan (2).jpeg', 3);
INSERT INTO produk (id, nama, harga, stok, gambar, deskripsi, satuan, keunggulan, cerita, kategori_id, umkm_id, created_at) OVERRIDING SYSTEM VALUE VALUES (64, 'Cabai Rawit Bali', 20000, 61, '/images/produk/cabai_rawit_bali.jpg', 'Cabai lokal Bali.', '250 gr', 'Pedas khas Bali.', 'Cabai ini menjadi salah satu bahan utama sambal khas Bali yang terkenal dengan cita rasanya yang pedas dan segar.', 1, 36, NOW());
INSERT INTO umkm (id, nama, pemilik, alamat, no_hp, sejak, foto, desa_id) OVERRIDING SYSTEM VALUE VALUES (37, 'Sanggar Bambu Penglipuran (Pak I Ketut Dana)', 'Sanggar Bambu Penglipuran (Pak I Ketut Dana)', 'Banjar Penglipuran, Desa Penglipuran', '6281234561309', '2005', '/images/petani/lakikk.jpeg', 3);
INSERT INTO produk (id, nama, harga, stok, gambar, deskripsi, satuan, keunggulan, cerita, kategori_id, umkm_id, created_at) OVERRIDING SYSTEM VALUE VALUES (65, 'Keranjang Anyaman Bambu', 75000, 35, '/images/produk/keranjang_anyaman_bambu.jpg', 'Keranjang handmade dari bambu lokal.', '', 'Ramah lingkungan.', 'Hutan bambu yang mengelilingi Desa Penglipuran menjadi sumber bahan baku utama. Setiap keranjang dianyam secara manual menggunakan teknik tradisional yang diwariskan dari generasi ke generasi.', 4, 37, NOW());
INSERT INTO umkm (id, nama, pemilik, alamat, no_hp, sejak, foto, desa_id) OVERRIDING SYSTEM VALUE VALUES (38, 'Pak I Ketut Dana', 'Pak I Ketut Dana', 'Banjar Penglipuran, Desa Penglipuran', '6281234561309', '2005', '/images/petani/lakilaki.jpeg', 3);
INSERT INTO produk (id, nama, harga, stok, gambar, deskripsi, satuan, keunggulan, cerita, kategori_id, umkm_id, created_at) OVERRIDING SYSTEM VALUE VALUES (66, 'Lampu Hias Bambu', 120000, 70, '/images/produk/lampu_hias_bambu.jpg', 'Lampu dekoratif.', '', 'Motif ukiran Bali.', 'Motif ukiran pada lampu terinspirasi dari ornamen rumah adat Bali yang menjadi identitas Desa Penglipuran.', 4, 38, NOW());
INSERT INTO umkm (id, nama, pemilik, alamat, no_hp, sejak, foto, desa_id) OVERRIDING SYSTEM VALUE VALUES (39, 'UMKM Bali Bamboo Craft', 'UMKM Bali Bamboo Craft', 'Banjar Tengah, Desa Penglipuran', '6281234561310', '2016', '/images/petani/lakiiii.jpeg', 3);
INSERT INTO produk (id, nama, harga, stok, gambar, deskripsi, satuan, keunggulan, cerita, kategori_id, umkm_id, created_at) OVERRIDING SYSTEM VALUE VALUES (67, 'Tempat Tisu Bambu', 55000, 59, '/images/produk/tempat_tisu_bambu.jpg', 'Tempat tisu handmade.', '', 'Finishing premium.', 'Produk dibuat dari bambu pilihan yang telah dikeringkan secara alami agar lebih kuat dan tahan lama.', 4, 39, NOW());
INSERT INTO produk (id, nama, harga, stok, gambar, deskripsi, satuan, keunggulan, cerita, kategori_id, umkm_id, created_at) OVERRIDING SYSTEM VALUE VALUES (68, 'Vas Bunga Bambu', 85000, 41, '/images/produk/vas_bunga_bambu.jpg', 'Vas dekoratif.', '', 'Handmade.', 'Setiap vas memiliki pola serat bambu yang berbeda sehingga tidak ada dua produk yang benar-benar sama.', 4, 39, NOW());
INSERT INTO umkm (id, nama, pemilik, alamat, no_hp, sejak, foto, desa_id) OVERRIDING SYSTEM VALUE VALUES (40, 'UMKM Rasa Penglipuran', 'UMKM Rasa Penglipuran', 'Banjar Kaja, Desa Penglipuran', '6281234561311', '2013', '/images/petani/laki-laki.jpeg', 3);
INSERT INTO produk (id, nama, harga, stok, gambar, deskripsi, satuan, keunggulan, cerita, kategori_id, umkm_id, created_at) OVERRIDING SYSTEM VALUE VALUES (69, 'Pie Susu Bali', 35000, 117, '/images/produk/pie_susu_bali.jpg', 'Pie susu khas Bali.', '200 gr', 'Resep tradisional.', 'Pie susu menjadi salah satu oleh-oleh favorit wisatawan yang berkunjung ke Bali. Produk ini dibuat menggunakan resep keluarga yang telah diwariskan selama puluhan tahun.', 6, 40, NOW());
INSERT INTO produk (id, nama, harga, stok, gambar, deskripsi, satuan, keunggulan, cerita, kategori_id, umkm_id, created_at) OVERRIDING SYSTEM VALUE VALUES (70, 'Keripik Pisang', 22000, 28, '/images/produk/keripik_pisang.jpg', 'Keripik pisang renyah.', '200 gr', 'Tanpa pengawet.', 'Pisang lokal yang melimpah diolah menjadi keripik agar memiliki umur simpan lebih panjang sekaligus meningkatkan nilai jual hasil panen masyarakat.', 6, 40, NOW());
INSERT INTO umkm (id, nama, pemilik, alamat, no_hp, sejak, foto, desa_id) OVERRIDING SYSTEM VALUE VALUES (41, 'UMKM Cokelat Bali Asri', 'UMKM Cokelat Bali Asri', 'Banjar Kelod, Desa Penglipuran', '6281234561312', '2018', '/images/petani/lelaki.jpeg', 3);
INSERT INTO produk (id, nama, harga, stok, gambar, deskripsi, satuan, keunggulan, cerita, kategori_id, umkm_id, created_at) OVERRIDING SYSTEM VALUE VALUES (71, 'Dodol Kakao', 38000, 58, '/images/produk/dodol_kakao.jpg', 'Dodol berbahan kakao lokal.', '250 gr', 'Mengandung kakao asli.', 'Dodol ini menggabungkan resep tradisional Bali dengan kakao fermentasi lokal sehingga menghasilkan rasa manis berpadu aroma cokelat yang khas.', 6, 41, NOW());
INSERT INTO produk (id, nama, harga, stok, gambar, deskripsi, satuan, keunggulan, cerita, kategori_id, umkm_id, created_at) OVERRIDING SYSTEM VALUE VALUES (72, 'Cookies Kopi Bali', 32000, 106, '/images/produk/cookies_kopi_bali.jpg', 'Cookies dengan bubuk kopi Arabika Bali.', '180 gr', 'Aroma kopi kuat.', 'Biji kopi Arabika Penglipuran dipanggang terlebih dahulu sebelum diolah menjadi cookies yang menjadi favorit wisatawan sebagai buah tangan khas Bali.', 2, 41, NOW());
INSERT INTO desa (id, nama_desa, kecamatan, kabupaten, latitude, longitude, deskripsi) OVERRIDING SYSTEM VALUE VALUES (4, 'Desa Cibodas', 'Lembang', 'Kabupaten Bandung Barat', -6.8123, 107.6512, 'Desa Cibodas di Lembang, Bandung Barat, pada ketinggian 1.250-1.500 mdpl. Tanah vulkanik subur ideal untuk sayuran organik seperti brokoli dan stroberi, serta kopi arabika dan lebah madu kaliandra.');
INSERT INTO umkm (id, nama, pemilik, alamat, no_hp, sejak, foto, desa_id) OVERRIDING SYSTEM VALUE VALUES (42, 'Pak Dedi Suhendar', 'Pak Dedi Suhendar', 'Jl. Maribaya RT 02/RW 03, Desa Cibodas, Kec. Lembang, Kab. Bandung Barat', '6281234561401', '2010', '/images/petani/lelakii.jpeg', 4);
INSERT INTO produk (id, nama, harga, stok, gambar, deskripsi, satuan, keunggulan, cerita, kategori_id, umkm_id, created_at) OVERRIDING SYSTEM VALUE VALUES (73, 'Brokoli Segar Grade A', 18000, 108, '/images/produk/brokoli_segar.jpg', 'Brokoli segar hasil panen harian dengan warna hijau cerah dan tekstur padat.', '500 gr', 'Dipanen setiap pagi, bebas pengawet, kaya vitamin C dan serat.', 'Di lereng pegunungan Desa Cibodas pada ketinggian sekitar 1.350 mdpl, brokoli ini tumbuh di tanah vulkanik yang subur dengan suhu sejuk 16–23°C. Kabut pagi menjaga kelembapan tanaman sehingga menghasilkan kuntum yang padat, renyah, dan berwarna hijau pekat. Pak Dedi telah merawat lahan ini selama lebih dari 15 tahun dengan sistem panen harian agar setiap brokoli sampai ke tangan pembeli dalam kondisi paling segar.', 5, 42, NOW());
INSERT INTO umkm (id, nama, pemilik, alamat, no_hp, sejak, foto, desa_id) OVERRIDING SYSTEM VALUE VALUES (43, 'Pak Asep Mulyana', 'Pak Asep Mulyana', 'Jl. Cibodas RT 01/RW 05, Desa Cibodas', '6281234561402', '2008', '/images/petani/laki.jpeg', 4);
INSERT INTO produk (id, nama, harga, stok, gambar, deskripsi, satuan, keunggulan, cerita, kategori_id, umkm_id, created_at) OVERRIDING SYSTEM VALUE VALUES (74, 'Brokoli Segar Grade Premium', 25000, 112, '/images/produk/brokoli_segar.jpg', 'Brokoli pilihan dengan ukuran seragam dan kualitas premium.', '500 gr', 'Grade restoran dan hotel, ukuran besar, warna hijau pekat.', 'Tidak semua brokoli berhasil menjadi Grade Premium. Setelah dipanen, hanya sekitar 30% hasil panen terbaik yang lolos proses seleksi berdasarkan ukuran, warna, dan kepadatan bunga. Brokoli pilihan inilah yang menjadi favorit restoran di kawasan Bandung dan Lembang.', 5, 43, NOW());
INSERT INTO umkm (id, nama, pemilik, alamat, no_hp, sejak, foto, desa_id) OVERRIDING SYSTEM VALUE VALUES (44, 'Cibodas Fresh Farm', 'Cibodas Fresh Farm', 'Jl. Maribaya RT 04/RW 02, Desa Cibodas', '6281234561403', '2018', '/images/petani/laki2.jpeg', 4);
INSERT INTO produk (id, nama, harga, stok, gambar, deskripsi, satuan, keunggulan, cerita, kategori_id, umkm_id, created_at) OVERRIDING SYSTEM VALUE VALUES (75, 'Frozen Broccoli', 28000, 47, '/images/produk/frozen_broccoli.jpg', 'Brokoli segar yang dibekukan dengan teknologi quick freezing.', '500 gr', 'Nutrisi tetap terjaga, praktis dimasak.', 'Sesaat setelah dipanen, brokoli langsung dibersihkan dan dibekukan menggunakan metode quick freezing. Proses ini menjaga warna hijau alami, tekstur, dan kandungan gizinya sehingga pembeli tetap merasakan kesegaran layaknya baru dipanen dari kebun.', 5, 44, NOW());
INSERT INTO umkm (id, nama, pemilik, alamat, no_hp, sejak, foto, desa_id) OVERRIDING SYSTEM VALUE VALUES (45, 'Ibu Rina Handayani', 'Ibu Rina Handayani', 'Jl. Maribaya RT 03/RW 01, Desa Cibodas', '6281234561404', '2019', '/images/petani/pr.jpeg', 4);
INSERT INTO produk (id, nama, harga, stok, gambar, deskripsi, satuan, keunggulan, cerita, kategori_id, umkm_id, created_at) OVERRIDING SYSTEM VALUE VALUES (76, 'Keripik Brokoli Original', 22000, 81, '/images/produk/keripik_brokoli.jpg', 'Keripik sehat berbahan brokoli segar.', '150 gr', 'Tanpa pengawet, rendah minyak.', 'Berawal dari banyaknya brokoli yang tidak lolos sortir karena ukuran kurang sempurna, ibu-ibu UMKM Desa Cibodas mengolahnya menjadi keripik sehat yang kini menjadi oleh-oleh khas daerah. Produk ini membantu mengurangi limbah hasil panen sekaligus meningkatkan pendapatan petani.', 5, 45, NOW());
INSERT INTO produk (id, nama, harga, stok, gambar, deskripsi, satuan, keunggulan, cerita, kategori_id, umkm_id, created_at) OVERRIDING SYSTEM VALUE VALUES (77, 'Keripik Brokoli Balado', 24000, 71, '/images/produk/keripik_brokoli.jpg', 'Keripik brokoli dengan bumbu balado khas Nusantara.', '150 gr', 'Pedas gurih, tanpa MSG berlebih.', 'Perpaduan brokoli segar dataran tinggi dengan racikan bumbu balado menghasilkan camilan unik yang tetap mempertahankan rasa alami brokoli namun dengan sensasi pedas yang menggugah selera.', 5, 45, NOW());
INSERT INTO umkm (id, nama, pemilik, alamat, no_hp, sejak, foto, desa_id) OVERRIDING SYSTEM VALUE VALUES (46, 'Pak Agus Setiawan', 'Pak Agus Setiawan', 'Jl. Cibodas RT 02/RW 06, Desa Cibodas', '6281234561405', '2006', '/images/petani/lakik.jpeg', 4);
INSERT INTO produk (id, nama, harga, stok, gambar, deskripsi, satuan, keunggulan, cerita, kategori_id, umkm_id, created_at) OVERRIDING SYSTEM VALUE VALUES (78, 'Kentang Segar', 22000, 102, '/images/produk/kentang_segar.jpg', 'Kentang dataran tinggi dengan tekstur padat.', '1 kg', 'Cocok digoreng maupun direbus.', 'Kentang ini tumbuh di lahan vulkanik Desa Cibodas yang memiliki suhu rendah sehingga proses pembentukan umbi berlangsung lebih lambat. Hasilnya adalah kentang dengan tekstur lebih padat, rasa lebih manis alami, dan tidak mudah hancur saat dimasak.', 1, 46, NOW());
INSERT INTO produk (id, nama, harga, stok, gambar, deskripsi, satuan, keunggulan, cerita, kategori_id, umkm_id, created_at) OVERRIDING SYSTEM VALUE VALUES (79, 'Kentang Segar Premium', 28000, 68, '/images/produk/kentang_segar.jpg', 'Kentang pilihan berukuran besar dan seragam.', '1 kg', 'Grade premium, cocok untuk restoran.', 'Hanya kentang dengan ukuran terbaik yang dipilih menjadi Grade Premium. Setiap umbi disortir secara manual untuk memastikan kualitas terbaik sampai ke konsumen.', 1, 46, NOW());
INSERT INTO umkm (id, nama, pemilik, alamat, no_hp, sejak, foto, desa_id) OVERRIDING SYSTEM VALUE VALUES (47, 'Cibodas Frozen Food', 'Cibodas Frozen Food', 'Desa Cibodas, Kec. Lembang, Kab. Kabupaten Bandung Barat', '628123459001', '2020', '/images/petani/lakikk.jpeg', 4);
INSERT INTO produk (id, nama, harga, stok, gambar, deskripsi, satuan, keunggulan, cerita, kategori_id, umkm_id, created_at) OVERRIDING SYSTEM VALUE VALUES (80, 'Frozen French Fries', 32000, 30, '/images/produk/frozen_broccoli.jpg', 'Kentang premium siap goreng.', '500 gr', 'Praktis, renyah, tanpa pengawet.', 'Kentang dipotong dan dibekukan tidak lama setelah panen sehingga rasa alami dan teksturnya tetap terjaga. Produk ini menjadi solusi praktis tanpa mengurangi kualitas hasil panen lokal.', 6, 47, NOW());
INSERT INTO umkm (id, nama, pemilik, alamat, no_hp, sejak, foto, desa_id) OVERRIDING SYSTEM VALUE VALUES (48, 'Pak Irfan Hidayat', 'Pak Irfan Hidayat', 'Jl. Maribaya RT 01/RW 04, Desa Cibodas', '6281234561406', '2017', '/images/petani/lakilaki.jpeg', 4);
INSERT INTO produk (id, nama, harga, stok, gambar, deskripsi, satuan, keunggulan, cerita, kategori_id, umkm_id, created_at) OVERRIDING SYSTEM VALUE VALUES (81, 'Keripik Kentang Original', 20000, 98, '/images/produk/keripik_kentang.jpg', 'Keripik kentang tipis dan renyah.', '180 gr', 'Kentang lokal pilihan.', 'Keripik ini dibuat dari kentang pilihan yang dipanen langsung dari petani Desa Cibodas. Setiap irisan digoreng perlahan agar menghasilkan kerenyahan alami tanpa menghilangkan cita rasa khas kentang pegunungan.', 6, 48, NOW());
INSERT INTO produk (id, nama, harga, stok, gambar, deskripsi, satuan, keunggulan, cerita, kategori_id, umkm_id, created_at) OVERRIDING SYSTEM VALUE VALUES (82, 'Keripik Kentang BBQ', 22000, 100, '/images/produk/keripik_kentang.jpg', 'Keripik kentang rasa BBQ.', '180 gr', 'Bumbu rempah premium.', 'Varian BBQ menjadi favorit wisatawan yang berkunjung ke Lembang. Perpaduan kentang dataran tinggi dengan bumbu rempah menghasilkan rasa gurih dan aroma yang khas.', 6, 48, NOW());
INSERT INTO umkm (id, nama, pemilik, alamat, no_hp, sejak, foto, desa_id) OVERRIDING SYSTEM VALUE VALUES (49, 'Pak Wawan Gunawan', 'Pak Wawan Gunawan', 'Jl. Cibodas RT 05/RW 02, Desa Cibodas', '6281234561407', '2011', '/images/petani/lakiiii.jpeg', 4);
INSERT INTO produk (id, nama, harga, stok, gambar, deskripsi, satuan, keunggulan, cerita, kategori_id, umkm_id, created_at) OVERRIDING SYSTEM VALUE VALUES (83, 'Wortel Segar', 12000, 63, '/images/produk/wortel_segar.jpg', 'Wortel segar kaya beta-karoten.', '500 gr', 'Dipanen harian, warna cerah.', 'Udara sejuk Desa Cibodas membuat wortel tumbuh lebih perlahan sehingga rasa manis alaminya berkembang dengan sempurna. Tanah vulkanik yang kaya mineral juga menghasilkan warna oranye yang lebih cerah.', 5, 49, NOW());
INSERT INTO produk (id, nama, harga, stok, gambar, deskripsi, satuan, keunggulan, cerita, kategori_id, umkm_id, created_at) OVERRIDING SYSTEM VALUE VALUES (84, 'Wortel Segar Premium', 16000, 41, '/images/produk/wortel_segar.jpg', 'Wortel pilihan ukuran seragam.', '500 gr', 'Grade premium.', 'Setiap wortel dipilih berdasarkan ukuran, bentuk, dan warna terbaik sehingga cocok untuk kebutuhan hotel maupun restoran.', 5, 49, NOW());
INSERT INTO umkm (id, nama, pemilik, alamat, no_hp, sejak, foto, desa_id) OVERRIDING SYSTEM VALUE VALUES (50, 'Fresh Cibodas Juice', 'Fresh Cibodas Juice', 'Desa Cibodas, Kec. Lembang, Kab. Kabupaten Bandung Barat', '628123459002', '2021', '/images/petani/laki-laki.jpeg', 4);
INSERT INTO produk (id, nama, harga, stok, gambar, deskripsi, satuan, keunggulan, cerita, kategori_id, umkm_id, created_at) OVERRIDING SYSTEM VALUE VALUES (85, 'Jus Wortel Murni', 18000, 39, '/images/produk/jus_wortel.jpg', 'Jus wortel tanpa tambahan pewarna.', '250 ml', '100% wortel segar.', 'Jus ini dibuat dari wortel yang baru dipanen pada pagi hari. Tanpa tambahan pewarna maupun pengawet, rasa manis alami berasal langsung dari hasil bumi Desa Cibodas.', 5, 50, NOW());
INSERT INTO produk (id, nama, harga, stok, gambar, deskripsi, satuan, keunggulan, cerita, kategori_id, umkm_id, created_at) OVERRIDING SYSTEM VALUE VALUES (86, 'Jus Wortel Premium', 22000, 73, '/images/produk/jus_wortel.jpg', 'Jus wortel premium.', '300 ml', 'Menggunakan wortel pilihan.', 'Menggunakan wortel Grade Premium yang memiliki kandungan air lebih tinggi sehingga menghasilkan jus dengan rasa lebih segar dan tekstur lebih lembut.', 5, 50, NOW());
INSERT INTO umkm (id, nama, pemilik, alamat, no_hp, sejak, foto, desa_id) OVERRIDING SYSTEM VALUE VALUES (51, 'Green Valley Farm', 'Green Valley Farm', 'Desa Cibodas, Kec. Lembang, Kab. Kabupaten Bandung Barat', '628123459003', '2019', '/images/petani/lelaki.jpeg', 4);
INSERT INTO produk (id, nama, harga, stok, gambar, deskripsi, satuan, keunggulan, cerita, kategori_id, umkm_id, created_at) OVERRIDING SYSTEM VALUE VALUES (87, 'Salad Pack Ready to Eat', 25000, 89, '/images/produk/salad_pack.jpg', 'Salad siap santap.', '300 gr', 'Sayuran segar dipanen harian.', 'Setiap pagi sebelum matahari tinggi, sayuran dipanen lalu dicuci menggunakan air pegunungan yang jernih. Setelah melalui proses sortir, sayuran langsung dikemas agar kesegarannya tetap terjaga.', 5, 51, NOW());
INSERT INTO produk (id, nama, harga, stok, gambar, deskripsi, satuan, keunggulan, cerita, kategori_id, umkm_id, created_at) OVERRIDING SYSTEM VALUE VALUES (88, 'Caesar Salad Pack', 32000, 53, '/images/produk/salad_pack.jpg', 'Salad dengan saus Caesar premium.', '350 gr', 'Sayuran premium.', 'Menggunakan selada romaine pilihan yang tumbuh di udara sejuk Lembang sehingga menghasilkan tekstur lebih renyah dan rasa yang lebih segar dibandingkan sayuran dataran rendah.', 5, 51, NOW());
INSERT INTO produk (id, nama, harga, stok, gambar, deskripsi, satuan, keunggulan, cerita, kategori_id, umkm_id, created_at) OVERRIDING SYSTEM VALUE VALUES (89, 'Sayuran Siap Masak (Pakcoy Mix)', 20000, 98, '/images/produk/pakcoy.jpg', 'Paket sayuran siap olah.', '500 gr', 'Praktis, segar.', 'Pakcoy, sawi, dan sayuran lainnya dipanen pada pagi hari lalu langsung dikemas agar pelanggan dapat menikmati kesegaran hasil panen tanpa harus membersihkan atau memilah kembali.', 5, 42, NOW());
INSERT INTO umkm (id, nama, pemilik, alamat, no_hp, sejak, foto, desa_id) OVERRIDING SYSTEM VALUE VALUES (52, 'Ibu Siti Nurhayati', 'Ibu Siti Nurhayati', 'Jl. Maribaya RT 04/RW 05, Desa Cibodas', '6281234561408', '2012', '/images/petani/prmpuan.jpeg', 4);
INSERT INTO produk (id, nama, harga, stok, gambar, deskripsi, satuan, keunggulan, cerita, kategori_id, umkm_id, created_at) OVERRIDING SYSTEM VALUE VALUES (90, 'Stroberi Segar', 35000, 107, '/images/produk/stroberi_segar.jpg', 'Stroberi merah segar hasil kebun Lembang.', '500 gr', 'Manis alami, aroma harum.', 'Stroberi tumbuh optimal di dataran tinggi Lembang dengan suhu sejuk dan sinar matahari yang cukup. Buah dipetik satu per satu saat matang sempurna sehingga menghasilkan rasa manis dan aroma yang khas.', 1, 52, NOW());
INSERT INTO produk (id, nama, harga, stok, gambar, deskripsi, satuan, keunggulan, cerita, kategori_id, umkm_id, created_at) OVERRIDING SYSTEM VALUE VALUES (91, 'Stroberi Segar Premium', 45000, 39, '/images/produk/stroberi_segar.jpg', 'Stroberi ukuran besar pilihan.', '500 gr', 'Grade premium.', 'Hanya buah dengan ukuran besar, warna merah merata, dan tanpa cacat yang dipilih menjadi Grade Premium. Buah ini sering digunakan oleh hotel dan restoran sebagai bahan dessert.', 1, 52, NOW());
INSERT INTO umkm (id, nama, pemilik, alamat, no_hp, sejak, foto, desa_id) OVERRIDING SYSTEM VALUE VALUES (53, 'Ibu Lina Marlina', 'Ibu Lina Marlina', 'Desa Cibodas, Kec. Lembang, Kab. Kabupaten Bandung Barat', '628123459004', '2016', '/images/petani/perempuan.jpeg', 4);
INSERT INTO produk (id, nama, harga, stok, gambar, deskripsi, satuan, keunggulan, cerita, kategori_id, umkm_id, created_at) OVERRIDING SYSTEM VALUE VALUES (92, 'Selai Stroberi Homemade', 28000, 75, '/images/produk/selai_stroberi.jpg', 'Selai stroberi rumahan.', '250 gr', 'Tanpa pengawet.', 'Resep selai ini diwariskan secara turun-temurun. Stroberi segar dimasak perlahan dalam jumlah kecil sehingga rasa buah tetap mendominasi tanpa tambahan perasa buatan.', 6, 53, NOW());
INSERT INTO produk (id, nama, harga, stok, gambar, deskripsi, satuan, keunggulan, cerita, kategori_id, umkm_id, created_at) OVERRIDING SYSTEM VALUE VALUES (93, 'Selai Stroberi Premium', 35000, 109, '/images/produk/selai_stroberi.jpg', 'Selai premium dengan kandungan buah tinggi.', '250 gr', 'Mengandung lebih dari 70% buah asli.', 'Menggunakan stroberi Grade Premium yang dipanen dari kebun terbaik Desa Cibodas. Kandungan buah yang tinggi menghasilkan tekstur lebih lembut dan rasa yang lebih autentik.', 6, 53, NOW());
INSERT INTO umkm (id, nama, pemilik, alamat, no_hp, sejak, foto, desa_id) OVERRIDING SYSTEM VALUE VALUES (54, 'Berry Valley UMKM', 'Berry Valley UMKM', 'Desa Cibodas, Kec. Lembang, Kab. Kabupaten Bandung Barat', '628123459005', '2018', '/images/petani/lelakii.jpeg', 4);
INSERT INTO produk (id, nama, harga, stok, gambar, deskripsi, satuan, keunggulan, cerita, kategori_id, umkm_id, created_at) OVERRIDING SYSTEM VALUE VALUES (94, 'Sirup Stroberi', 30000, 70, '/images/produk/sirup_stroberi.jpg', 'Sirup buah stroberi asli.', '500 ml', 'Tanpa pewarna sintetis.', 'Sirup dibuat dari sari buah stroberi segar yang dipanen pada musim terbaik. Aroma khas pegunungan tetap terasa di setiap tetesnya.', 6, 54, NOW());
INSERT INTO produk (id, nama, harga, stok, gambar, deskripsi, satuan, keunggulan, cerita, kategori_id, umkm_id, created_at) OVERRIDING SYSTEM VALUE VALUES (95, 'Sirup Stroberi Premium', 38000, 107, '/images/produk/sirup_stroberi.jpg', 'Sirup premium dengan ekstrak buah lebih banyak.', '500 ml', 'Rasa lebih pekat.', 'Menggunakan buah premium dengan kadar gula alami yang tinggi sehingga menghasilkan rasa yang lebih kaya tanpa perlu banyak tambahan pemanis.', 6, 54, NOW());
INSERT INTO umkm (id, nama, pemilik, alamat, no_hp, sejak, foto, desa_id) OVERRIDING SYSTEM VALUE VALUES (55, 'Cibodas Berry Farm', 'Cibodas Berry Farm', 'Desa Cibodas, Kec. Lembang, Kab. Kabupaten Bandung Barat', '628123459006', '2019', '/images/petani/laki.jpeg', 4);
INSERT INTO produk (id, nama, harga, stok, gambar, deskripsi, satuan, keunggulan, cerita, kategori_id, umkm_id, created_at) OVERRIDING SYSTEM VALUE VALUES (96, 'Stroberi Beku (Frozen)', 40000, 47, '/images/produk/stroberi_beku.jpg', 'Stroberi beku hasil pembekuan cepat.', '500 gr', 'Cocok untuk smoothie dan dessert.', 'Tidak semua stroberi dapat dijual dalam kondisi segar. Untuk mengurangi limbah pangan, buah yang telah dipanen segera dibekukan menggunakan teknologi quick freezing sehingga warna, rasa, dan kandungan gizinya tetap terjaga. Setiap pembelian produk ini juga membantu mengurangi hasil panen yang terbuang dan mendukung keberlanjutan UMKM lokal.', 6, 55, NOW());
INSERT INTO umkm (id, nama, pemilik, alamat, no_hp, sejak, foto, desa_id) OVERRIDING SYSTEM VALUE VALUES (56, 'Pak Hendra Kusnadi', 'Pak Hendra Kusnadi', 'Desa Cibodas, Kec. Lembang, Kab. Kabupaten Bandung Barat', '628123459007', '2009', '/images/petani/laki2.jpeg', 4);
INSERT INTO produk (id, nama, harga, stok, gambar, deskripsi, satuan, keunggulan, cerita, kategori_id, umkm_id, created_at) OVERRIDING SYSTEM VALUE VALUES (97, 'Kubis Organik', 18000, 58, '/images/produk/kubis.jpg', 'Kubis organik segar dengan daun berlapis rapat, tekstur renyah, dan rasa manis alami. Cocok untuk tumisan, sup, salad, maupun olahan fermentasi.', '1 kg', 'Dibudidayakan tanpa pestisida kimia berlebihan, dipanen setiap pagi, kaya vitamin C dan serat.', 'Kubis organik ini tumbuh di lahan pertanian Desa Cibodas pada ketinggian sekitar 1.400 mdpl. Udara pegunungan yang sejuk, kabut pagi, serta tanah vulkanik yang kaya mineral membuat pertumbuhan kubis berlangsung lebih lambat sehingga menghasilkan daun yang lebih padat, renyah, dan memiliki rasa manis alami. Pak Hendra telah mengelola kebunnya selama lebih dari 16 tahun dengan menerapkan rotasi tanaman dan penggunaan pupuk kompos agar kesuburan tanah tetap terjaga. Setiap pembelian kubis ini turut mendukung pertanian ramah lingkungan di dataran tinggi Lembang.', 5, 56, NOW());
INSERT INTO umkm (id, nama, pemilik, alamat, no_hp, sejak, foto, desa_id) OVERRIDING SYSTEM VALUE VALUES (57, 'Ibu Sri Wahyuni', 'Ibu Sri Wahyuni', 'Desa Cibodas, Kec. Lembang, Kab. Kabupaten Bandung Barat', '628123459008', '2014', '/images/petani/perempuan (2).jpeg', 4);
INSERT INTO produk (id, nama, harga, stok, gambar, deskripsi, satuan, keunggulan, cerita, kategori_id, umkm_id, created_at) OVERRIDING SYSTEM VALUE VALUES (98, 'Sawi Hijau', 10000, 64, '/images/produk/sawi_hijau.jpg', 'Sawi hijau segar dengan daun lebar berwarna hijau cerah dan batang yang renyah. Sangat cocok untuk tumisan, mie, bakso, maupun hotpot.', '500 gr', 'Dipanen kurang dari 24 jam sebelum dikirim, kaya vitamin A, C, dan kalsium, bebas pengawet.', 'Sawi hijau ini ditanam di lereng Desa Cibodas yang memiliki suhu rata-rata 18°C. Kondisi udara yang dingin membantu daun tumbuh lebih tebal dan segar. Setiap pagi sebelum matahari terbit, para petani mulai memanen sawi agar kandungan air di dalam daun tetap terjaga. Tradisi panen pagi ini telah dilakukan turun-temurun untuk memastikan konsumen mendapatkan sayuran dengan kualitas terbaik.', 5, 57, NOW());
INSERT INTO umkm (id, nama, pemilik, alamat, no_hp, sejak, foto, desa_id) OVERRIDING SYSTEM VALUE VALUES (58, 'Pak Rudi Hartono', 'Pak Rudi Hartono', 'Kp. Citeko RT 01/RW 05, Desa Tugu Utara', '6281234561203', '2012', '/images/petani/lakik.jpeg', 4);
INSERT INTO produk (id, nama, harga, stok, gambar, deskripsi, satuan, keunggulan, cerita, kategori_id, umkm_id, created_at) OVERRIDING SYSTEM VALUE VALUES (99, 'Daun Bawang', 8000, 34, '/images/produk/daun_bawang.jpg', 'Daun bawang segar dengan aroma harum dan batang hijau panjang. Cocok sebagai bumbu masakan, taburan sup, bakso, mie, dan berbagai hidangan Nusantara.', '250 gr', 'Aroma lebih kuat, dipanen segar setiap hari, tanpa bahan pengawet.', 'Daun bawang Desa Cibodas tumbuh subur berkat tanah vulkanik yang kaya unsur hara dan curah hujan yang tinggi sepanjang tahun. Perbedaan suhu siang dan malam membantu pembentukan minyak atsiri alami sehingga menghasilkan aroma yang lebih harum dibandingkan daun bawang dari dataran rendah. Pak Rudi bersama keluarganya telah membudidayakan tanaman ini selama lebih dari satu dekade dan tetap mempertahankan sistem panen manual agar kualitas batang tetap terjaga.', 1, 58, NOW());
INSERT INTO umkm (id, nama, pemilik, alamat, no_hp, sejak, foto, desa_id) OVERRIDING SYSTEM VALUE VALUES (59, 'Ibu Lilis Suryani', 'Ibu Lilis Suryani', 'Desa Cibodas, Kec. Lembang, Kab. Kabupaten Bandung Barat', '628123459009', '2015', '/images/petani/pr.jpeg', 4);
INSERT INTO produk (id, nama, harga, stok, gambar, deskripsi, satuan, keunggulan, cerita, kategori_id, umkm_id, created_at) OVERRIDING SYSTEM VALUE VALUES (100, 'Seledri', 7000, 79, '/images/produk/seledri.jpg', 'Seledri segar dengan aroma khas dan daun hijau cerah. Cocok sebagai pelengkap sup, bakso, soto, salad, maupun jus sehat.', '200 gr', 'Kaya antioksidan, dipanen harian, daun lebih segar dan harum.', 'Seledri ini dibudidayakan di lahan pertanian yang berada di kaki perbukitan Desa Cibodas. Suhu sejuk serta sinar matahari yang cukup membuat daun tumbuh lebih hijau dengan aroma yang lebih kuat. Ibu Lilis memulai usahanya dari kebun kecil di belakang rumah, kemudian berkembang menjadi pemasok seledri bagi pasar tradisional dan berbagai restoran di kawasan Lembang. Hingga kini, setiap ikat seledri masih dipanen dan dipilih secara manual untuk memastikan kualitas terbaik sampai ke tangan pelanggan.', 5, 59, NOW());
INSERT INTO umkm (id, nama, pemilik, alamat, no_hp, sejak, foto, desa_id) OVERRIDING SYSTEM VALUE VALUES (60, 'Pak Eman Supriatna – Cibodas Bee Farm', 'Pak Eman Supriatna – Cibodas Bee Farm', 'Jl. Maribaya RT 03/RW 03, Desa Cibodas', '6281234561409', '2014', '/images/petani/lakikk.jpeg', 4);
INSERT INTO produk (id, nama, harga, stok, gambar, deskripsi, satuan, keunggulan, cerita, kategori_id, umkm_id, created_at) OVERRIDING SYSTEM VALUE VALUES (101, 'Madu Kaliandra Murni', 75000, 87, '/images/produk/cookies_madu.jpg', 'Madu murni yang dihasilkan dari nektar bunga kaliandra dengan rasa manis ringan dan aroma floral yang khas.', '250 ml', '100% madu murni tanpa campuran, kaya antioksidan, dipanen secara alami.', 'Di lereng Desa Cibodas yang berada pada ketinggian sekitar 1.300 mdpl, hamparan bunga kaliandra tumbuh subur berkat udara sejuk dan tanah vulkanik yang kaya mineral. Lebah mengumpulkan nektar dari ribuan bunga setiap hari, menghasilkan madu berwarna kuning keemasan dengan aroma bunga yang lembut. Pak Eman telah membudidayakan lebah secara ramah lingkungan selama lebih dari satu dekade tanpa menggunakan bahan kimia, sehingga setiap tetes madu tetap murni dan alami.', 3, 60, NOW());
INSERT INTO produk (id, nama, harga, stok, gambar, deskripsi, satuan, keunggulan, cerita, kategori_id, umkm_id, created_at) OVERRIDING SYSTEM VALUE VALUES (102, 'Madu Kaliandra Murni Premium', 145000, 50, '/images/produk/cookies_madu.jpg', 'Madu kaliandra premium dengan kadar air rendah dan kualitas terbaik hasil seleksi panen.', '500 ml', 'Grade premium, rasa lebih pekat, aroma lebih kuat, cocok sebagai oleh-oleh khas Lembang.', 'Hanya madu dengan kadar air rendah dan tingkat kematangan terbaik yang dipilih sebagai varian Premium. Setiap panen hanya sebagian kecil yang memenuhi standar ini sehingga kualitas rasa, aroma, dan kekentalannya lebih istimewa. Produk ini menjadi salah satu madu favorit wisatawan yang berkunjung ke kawasan Lembang.', 3, 60, NOW());
INSERT INTO umkm (id, nama, pemilik, alamat, no_hp, sejak, foto, desa_id) OVERRIDING SYSTEM VALUE VALUES (61, 'Ibu Nia Kartika – Lembang Honey', 'Ibu Nia Kartika – Lembang Honey', 'Desa Cibodas, Kec. Lembang, Kab. Kabupaten Bandung Barat', '628123459010', '2016', '/images/petani/prmpuan.jpeg', 4);
INSERT INTO produk (id, nama, harga, stok, gambar, deskripsi, satuan, keunggulan, cerita, kategori_id, umkm_id, created_at) OVERRIDING SYSTEM VALUE VALUES (103, 'Madu Multiflora', 70000, 96, '/images/produk/madu_multiflora.jpg', 'Madu alami yang dihasilkan dari berbagai jenis bunga liar di kawasan pegunungan Lembang.', '250 ml', 'Rasa lebih kompleks, kaya vitamin dan mineral alami, tanpa tambahan gula.', 'Lebah tidak hanya mengunjungi satu jenis bunga. Mereka terbang bebas melewati kebun stroberi, tanaman hortikultura, bunga liar, hingga pepohonan hutan kecil di sekitar Desa Cibodas. Perpaduan nektar dari berbagai bunga inilah yang menghasilkan madu multiflora dengan rasa unik yang berbeda di setiap musim panen.', 3, 61, NOW());
INSERT INTO produk (id, nama, harga, stok, gambar, deskripsi, satuan, keunggulan, cerita, kategori_id, umkm_id, created_at) OVERRIDING SYSTEM VALUE VALUES (104, 'Madu Multiflora Premium', 135000, 118, '/images/produk/madu_multiflora.jpg', 'Madu multiflora pilihan dengan kandungan nektar lebih kaya dan kualitas premium.', '500 ml', 'Dipanen saat musim bunga terbaik, tekstur lebih kental, aroma alami lebih kuat.', 'Pada musim bunga bermekaran, lebah menghasilkan madu dengan aroma dan cita rasa yang lebih kaya. Varian Premium berasal dari panen terbaik pada musim tersebut dan hanya dikemas dalam jumlah terbatas untuk menjaga kualitasnya.', 3, 61, NOW());
INSERT INTO umkm (id, nama, pemilik, alamat, no_hp, sejak, foto, desa_id) OVERRIDING SYSTEM VALUE VALUES (62, 'UMKM HoneyFresh Cibodas', 'UMKM HoneyFresh Cibodas', 'Desa Cibodas, Kec. Lembang, Kab. Kabupaten Bandung Barat', '628123459011', '2019', '/images/petani/lakilaki.jpeg', 4);
INSERT INTO produk (id, nama, harga, stok, gambar, deskripsi, satuan, keunggulan, cerita, kategori_id, umkm_id, created_at) OVERRIDING SYSTEM VALUE VALUES (105, 'Honey Lemon', 48000, 105, '/images/produk/honey_lemon.jpg', 'Minuman kesehatan berbahan madu murni dan sari lemon segar yang siap dikonsumsi.', '350 ml', 'Menyegarkan, kaya vitamin C, membantu menjaga daya tahan tubuh.', 'Berawal dari kebiasaan masyarakat Desa Cibodas mengonsumsi madu hangat saat udara dingin, UMKM HoneyFresh mengembangkan minuman Honey Lemon sebagai minuman praktis yang tetap mempertahankan manfaat madu alami. Lemon segar dipilih dari kebun lokal dan dipadukan dengan madu kaliandra murni sehingga menghasilkan rasa manis, segar, dan sedikit asam yang menyenangkan.', 3, 62, NOW());
INSERT INTO produk (id, nama, harga, stok, gambar, deskripsi, satuan, keunggulan, cerita, kategori_id, umkm_id, created_at) OVERRIDING SYSTEM VALUE VALUES (106, 'Honey Ginger', 52000, 41, '/images/produk/honey_ginger.jpg', 'Minuman herbal berbahan madu murni dan ekstrak jahe pilihan khas dataran tinggi.', '350 ml', 'Menghangatkan tubuh, cocok diminum saat cuaca dingin, tanpa bahan pengawet.', 'Udara sejuk Desa Cibodas sering kali membuat masyarakat menikmati minuman hangat di pagi atau malam hari. Dari kebiasaan inilah lahir Honey Ginger, perpaduan madu kaliandra dengan jahe segar yang ditanam di lahan pegunungan. Minuman ini menjadi favorit wisatawan karena memberikan sensasi hangat alami sekaligus memperkenalkan cita rasa khas hasil bumi Lembang.', 3, 62, NOW());
INSERT INTO umkm (id, nama, pemilik, alamat, no_hp, sejak, foto, desa_id) OVERRIDING SYSTEM VALUE VALUES (63, 'Pak Hendra Kurniawan', 'Pak Hendra Kurniawan', 'Jl. Cibodas RT 01/RW 07, Desa Cibodas', '6281234561410', '2011', '/images/petani/lakiiii.jpeg', 4);
INSERT INTO produk (id, nama, harga, stok, gambar, deskripsi, satuan, keunggulan, cerita, kategori_id, umkm_id, created_at) OVERRIDING SYSTEM VALUE VALUES (107, 'Biji kopi Arabika premium yang telah melalui proses sangrai (medium roast) sehingga menghasilkan aroma floral dan cita rasa seimbang dengan sedikit sentuhan karamel. Cocok untuk metode seduh V60, French Press, maupun Espresso.', 75000, 66, '/images/produk/biji_kakao_fermentasi.jpeg', '', '250 gr', '✔ 100% Arabika Lembang✔ Medium Roast✔ Aroma floral dan fruity✔ Dipanggang dalam batch kecil agar kualitas tetap terjaga', 'Kopi ini berasal dari kebun kopi di lereng utara Lembang pada ketinggian sekitar 1.400 mdpl. Udara yang sejuk (16–22°C), tanah vulkanik yang kaya mineral, dan kabut pagi yang rutin menyelimuti perkebunan membuat buah kopi matang lebih lambat sehingga menghasilkan rasa yang lebih kompleks dan aroma yang khas. Pak Hendra telah membudidayakan kopi Arabika bersama keluarganya selama lebih dari satu dekade dengan menerapkan panen selektif, yaitu hanya memetik buah berwarna merah sempurna agar kualitas setiap cangkir kopi tetap terjaga.', 2, 63, NOW());
INSERT INTO produk (id, nama, harga, stok, gambar, deskripsi, satuan, keunggulan, cerita, kategori_id, umkm_id, created_at) OVERRIDING SYSTEM VALUE VALUES (108, 'Biji kopi Arabika Grade Specialty dengan kualitas terbaik hasil seleksi manual. Memiliki body yang lebih penuh, tingkat keasaman seimbang, serta aftertaste yang manis.', 145000, 77, '/images/produk/biji_kakao_fermentasi.jpeg', '', '500 gr', '✔ Specialty Grade✔ Dipilih dari cherry terbaik✔ Cocok untuk café dan coffee shop', 'Tidak semua buah kopi dapat menjadi kopi premium. Dari ribuan buah yang dipanen, hanya biji dengan ukuran seragam, tingkat kematangan sempurna, dan bebas cacat yang dipilih menjadi Arabika Premium. Setelah dipetik, kopi diproses secara hati-hati dan disangrai dalam jumlah kecil untuk mempertahankan karakter asli kopi pegunungan Lembang.', 2, 63, NOW());
INSERT INTO umkm (id, nama, pemilik, alamat, no_hp, sejak, foto, desa_id) OVERRIDING SYSTEM VALUE VALUES (64, 'Kelompok Tani Kopi Cibodas', 'Kelompok Tani Kopi Cibodas', 'Desa Cibodas, Kec. Lembang, Kab. Kabupaten Bandung Barat', '628123459012', '2014', '/images/petani/perempuan dan lakik.jpeg', 4);
INSERT INTO produk (id, nama, harga, stok, gambar, deskripsi, satuan, keunggulan, cerita, kategori_id, umkm_id, created_at) OVERRIDING SYSTEM VALUE VALUES (109, 'Biji kopi Arabika mentah (green bean) yang telah melalui proses pencucian dan pengeringan alami. Cocok untuk roastery maupun pecinta kopi yang ingin melakukan proses roasting sendiri.', 90000, 64, '/images/produk/biji_kakao_fermentasi.jpeg', '', '500 gr', '✔ Kadar air terkontrol✔ Diproses secara natural✔ Siap untuk roasting', 'Sebelum menjadi secangkir kopi nikmat, setiap biji kopi melalui proses panjang mulai dari pemetikan buah merah, pencucian, fermentasi alami, hingga pengeringan di bawah sinar matahari pegunungan. Green Bean ini mempertahankan karakter asli kopi Lembang sehingga para roaster dapat mengembangkan profil rasa sesuai preferensi mereka.', 2, 64, NOW());
INSERT INTO umkm (id, nama, pemilik, alamat, no_hp, sejak, foto, desa_id) OVERRIDING SYSTEM VALUE VALUES (65, 'Cibodas Coffee House', 'Cibodas Coffee House', 'Desa Cibodas, Kec. Lembang, Kab. Kabupaten Bandung Barat', '628123459013', '2019', '/images/petani/laki-laki.jpeg', 4);
INSERT INTO produk (id, nama, harga, stok, gambar, deskripsi, satuan, keunggulan, cerita, kategori_id, umkm_id, created_at) OVERRIDING SYSTEM VALUE VALUES (110, 'Kopi Arabika dalam kemasan drip bag praktis yang dapat langsung diseduh tanpa alat khusus. Cocok untuk dinikmati saat bekerja, bepergian, maupun di rumah.', 68000, 72, '/images/produk/brownies_kopi.jpg', '', '100 gr (10 x 10 gr)', '✔ Praktis diseduh✔ Aroma tetap terjaga✔ Tanpa gula dan bahan tambahan', 'Berawal dari banyaknya wisatawan yang ingin menikmati kopi Lembang di mana saja, UMKM Cibodas Coffee House menghadirkan kopi dalam bentuk drip bag. Meskipun praktis, setiap sachet tetap menggunakan kopi Arabika pilihan yang baru digiling sebelum dikemas sehingga aroma dan cita rasanya tetap terjaga. Dengan membeli produk ini, Anda turut mendukung petani kopi lokal serta UMKM yang mengolah hasil panen menjadi produk bernilai tinggi.', 2, 65, NOW());
INSERT INTO umkm (id, nama, pemilik, alamat, no_hp, sejak, foto, desa_id) OVERRIDING SYSTEM VALUE VALUES (66, 'Lembang Brew Co.', 'Lembang Brew Co.', 'Desa Cibodas, Kec. Lembang, Kab. Kabupaten Bandung Barat', '628123459014', '2021', '/images/petani/lelaki.jpeg', 4);
INSERT INTO produk (id, nama, harga, stok, gambar, deskripsi, satuan, keunggulan, cerita, kategori_id, umkm_id, created_at) OVERRIDING SYSTEM VALUE VALUES (111, 'Konsentrat kopi Arabika yang diekstraksi menggunakan metode cold brew selama 18 jam sehingga menghasilkan rasa lebih lembut, rendah keasaman, dan aroma yang kaya. Dapat disajikan dingin maupun dicampur susu.', 85000, 44, '/images/produk/cold_brew.jpg', '', '500 ml', '✔ Ekstraksi 18 jam✔ Low Acidity✔ Tanpa pengawet✔ Siap diminum', 'Cold Brew ini dibuat dari biji kopi Arabika yang ditanam di dataran tinggi Desa Cibodas. Proses ekstraksi dingin selama 18 jam menghasilkan cita rasa yang lebih halus dibandingkan kopi seduh biasa. Setiap botol dibuat dalam jumlah terbatas menggunakan air pegunungan yang jernih agar karakter kopi tetap autentik. Produk ini menjadi bukti bagaimana hasil panen kopi lokal dapat diolah menjadi minuman modern tanpa menghilangkan identitas asalnya.', 2, 66, NOW());
INSERT INTO umkm (id, nama, pemilik, alamat, no_hp, sejak, foto, desa_id) OVERRIDING SYSTEM VALUE VALUES (67, 'Pak Ujang Suryana', 'Pak Ujang Suryana', 'Jl. Maribaya RT 02/RW 01, Desa Cibodas', '6281234561411', '2012', '/images/petani/lelakii.jpeg', 4);
INSERT INTO produk (id, nama, harga, stok, gambar, deskripsi, satuan, keunggulan, cerita, kategori_id, umkm_id, created_at) OVERRIDING SYSTEM VALUE VALUES (112, 'Keranjang Bambu', 75000, 101, '/images/produk/keranjang_bambu.jpg', 'Keranjang anyaman bambu buatan tangan yang cocok digunakan sebagai wadah buah, hampers, atau dekorasi rumah.', '±800 gr', 'Dibuat 100% secara handmade menggunakan bambu pilihan, kuat, ringan, dan ramah lingkungan.', 'Di lereng Desa Cibodas, bambu tumbuh subur berkat udara pegunungan yang sejuk dan curah hujan yang tinggi. Pak Ujang memanfaatkan bambu yang telah berumur lebih dari tiga tahun agar seratnya lebih kuat dan tahan lama. Setiap keranjang dianyam secara manual selama 6–8 jam menggunakan teknik tradisional yang diwariskan dari orang tuanya. Dengan membeli produk ini, Anda turut membantu melestarikan kerajinan anyaman bambu khas masyarakat Lembang yang mulai jarang ditekuni generasi muda.', 4, 67, NOW());
INSERT INTO umkm (id, nama, pemilik, alamat, no_hp, sejak, foto, desa_id) OVERRIDING SYSTEM VALUE VALUES (68, 'Ibu Sari Nurjanah', 'Ibu Sari Nurjanah', 'Desa Cibodas, Kec. Lembang, Kab. Kabupaten Bandung Barat', '628123459015', '2015', '/images/petani/perempuan.jpeg', 4);
INSERT INTO produk (id, nama, harga, stok, gambar, deskripsi, satuan, keunggulan, cerita, kategori_id, umkm_id, created_at) OVERRIDING SYSTEM VALUE VALUES (113, 'Besek', 28000, 48, '/images/produk/besek.jpg', 'Besek bambu tradisional yang biasa digunakan sebagai wadah makanan, hantaran, maupun kemasan produk UMKM.', '±350 gr', 'Ramah lingkungan, dapat digunakan kembali, dan menjadi pengganti kemasan plastik.', 'Besek ini dibuat dari bilah bambu yang dipotong tipis lalu dijemur secara alami sebelum dianyam satu per satu. Proses tersebut membuat anyaman lebih lentur dan tidak mudah patah. Bagi masyarakat Desa Cibodas, besek bukan sekadar wadah, tetapi simbol kebersamaan yang sering digunakan saat acara adat maupun pembagian hasil panen kepada tetangga.', 4, 68, NOW());
INSERT INTO umkm (id, nama, pemilik, alamat, no_hp, sejak, foto, desa_id) OVERRIDING SYSTEM VALUE VALUES (69, 'Pak Yayan Kurnia', 'Pak Yayan Kurnia', 'Desa Cibodas, Kec. Lembang, Kab. Kabupaten Bandung Barat', '628123459016', '2018', '/images/petani/laki.jpeg', 4);
INSERT INTO produk (id, nama, harga, stok, gambar, deskripsi, satuan, keunggulan, cerita, kategori_id, umkm_id, created_at) OVERRIDING SYSTEM VALUE VALUES (114, 'Pot Tanaman', 95000, 110, '/images/produk/pot_tanaman.jpg', 'Pot tanaman berbahan kayu pinus lokal yang dirancang dengan desain minimalis untuk tanaman hias maupun tanaman herbal.', '±1,2 kg', 'Menggunakan kayu pinus berkualitas, finishing natural, tahan lama, dan cocok untuk dekorasi rumah.', 'Kayu pinus yang digunakan berasal dari kawasan hutan produksi di sekitar Lembang dan dipilih dari pohon yang telah memenuhi usia tebang sesuai prinsip pengelolaan hutan berkelanjutan. Setiap pot dipotong, dirakit, dan diamplas secara manual sehingga memiliki karakter serat kayu yang unik. Banyak wisatawan menjadikan produk ini sebagai oleh-oleh khas karena menghadirkan nuansa alami pegunungan Cibodas ke dalam rumah mereka.', 4, 69, NOW());
INSERT INTO umkm (id, nama, pemilik, alamat, no_hp, sejak, foto, desa_id) OVERRIDING SYSTEM VALUE VALUES (70, 'Pak Eko Firmansyah', 'Pak Eko Firmansyah', 'Desa Cibodas, Kec. Lembang, Kab. Kabupaten Bandung Barat', '628123459017', '2016', '/images/petani/laki2.jpeg', 4);
INSERT INTO produk (id, nama, harga, stok, gambar, deskripsi, satuan, keunggulan, cerita, kategori_id, umkm_id, created_at) OVERRIDING SYSTEM VALUE VALUES (115, 'Rak Mini', 165000, 69, '/images/produk/rak_mini.jpg', 'Rak serbaguna berbahan kayu pinus yang dapat digunakan untuk menyimpan tanaman kecil, bumbu dapur, buku, atau dekorasi ruangan.', '±2 kg', 'Desain minimalis, kokoh, handmade, dan menggunakan kayu lokal berkualitas.', 'Awalnya Pak Eko merupakan seorang petani sayuran. Ketika musim panen selesai, ia memanfaatkan waktu luangnya untuk membuat rak kayu sederhana dari sisa kayu pinus yang tidak terpakai. Seiring meningkatnya minat masyarakat terhadap dekorasi bergaya natural, usaha kecil tersebut berkembang menjadi salah satu UMKM kerajinan unggulan Desa Cibodas. Setiap rak dibuat secara manual selama 1–2 hari dengan tetap mempertahankan tekstur alami kayu sehingga setiap produk memiliki corak yang berbeda dan tidak ada yang benar-benar sama.', 1, 70, NOW());
INSERT INTO umkm (id, nama, pemilik, alamat, no_hp, sejak, foto, desa_id) OVERRIDING SYSTEM VALUE VALUES (71, 'UMKM Cibodas Green Snack (Ibu Rina Handayani)', 'UMKM Cibodas Green Snack (Ibu Rina Handayani)', 'Jl. Maribaya RT 03/RW 01, Desa Cibodas', '6281234561404', '2019', '/images/petani/perempuan (2).jpeg', 4);
INSERT INTO produk (id, nama, harga, stok, gambar, deskripsi, satuan, keunggulan, cerita, kategori_id, umkm_id, created_at) OVERRIDING SYSTEM VALUE VALUES (116, 'Keripik Brokoli Original', 22000, 56, '/images/produk/keripik_brokoli.jpg', 'Keripik sehat berbahan brokoli segar pilihan dengan cita rasa gurih alami.', '150 gr', 'Dibuat dari brokoli Grade A, rendah minyak, tanpa pengawet, kaya serat dan vitamin.', 'Brokoli yang dipanen dari dataran tinggi Desa Cibodas tidak semuanya memiliki ukuran yang sesuai standar supermarket. Agar hasil panen tetap bernilai dan tidak terbuang sia-sia, para ibu rumah tangga mengolah brokoli pilihan menjadi keripik renyah. Kini camilan sehat ini menjadi salah satu oleh-oleh khas Lembang sekaligus membantu mengurangi limbah pangan dan meningkatkan pendapatan petani lokal.', 5, 71, NOW());
INSERT INTO umkm (id, nama, pemilik, alamat, no_hp, sejak, foto, desa_id) OVERRIDING SYSTEM VALUE VALUES (72, 'UMKM Lestari Cibodas (Ibu Yayah Suryani)', 'UMKM Lestari Cibodas (Ibu Yayah Suryani)', 'Desa Cibodas, Kec. Lembang, Kab. Kabupaten Bandung Barat', '628123459018', '2018', '/images/petani/pr.jpeg', 4);
INSERT INTO produk (id, nama, harga, stok, gambar, deskripsi, satuan, keunggulan, cerita, kategori_id, umkm_id, created_at) OVERRIDING SYSTEM VALUE VALUES (117, 'Keripik Bayam Original', 18000, 39, '/images/produk/keripik_bayam.jpg', 'Keripik bayam dengan tekstur renyah dan rasa gurih alami.', '120 gr', 'Menggunakan bayam segar panen pagi, tanpa pewarna buatan, kaya zat besi dan serat.', 'Bayam yang tumbuh di udara sejuk Desa Cibodas memiliki daun yang lebih lebar dan segar berkat tanah vulkanik yang kaya mineral. Daun-daun pilihan dipetik saat matahari belum terlalu tinggi agar kesegarannya tetap terjaga sebelum diolah menjadi keripik yang renyah dan bergizi.', 5, 72, NOW());
INSERT INTO umkm (id, nama, pemilik, alamat, no_hp, sejak, foto, desa_id) OVERRIDING SYSTEM VALUE VALUES (73, 'UMKM Cibodas Crispy (Pak Irfan Hidayat)', 'UMKM Cibodas Crispy (Pak Irfan Hidayat)', 'Jl. Maribaya RT 01/RW 04, Desa Cibodas', '6281234561406', '2017', '/images/petani/lakik.jpeg', 4);
INSERT INTO produk (id, nama, harga, stok, gambar, deskripsi, satuan, keunggulan, cerita, kategori_id, umkm_id, created_at) OVERRIDING SYSTEM VALUE VALUES (118, 'Keripik Kentang Original', 20000, 42, '/images/produk/keripik_kentang.jpg', 'Keripik kentang tipis dengan rasa gurih alami khas kentang dataran tinggi.', '180 gr', 'Menggunakan kentang Granola pilihan, tanpa bahan pengawet, renyah lebih lama.', 'Kentang yang tumbuh di dataran tinggi Lembang memiliki kadar air lebih rendah sehingga menghasilkan tekstur yang padat dan renyah saat digoreng. Setiap kentang diiris tipis menggunakan alat khusus, lalu dimasak dengan suhu yang terkontrol agar menghasilkan kerenyahan sempurna tanpa menghilangkan cita rasa alami kentang pegunungan.', 6, 73, NOW());
INSERT INTO umkm (id, nama, pemilik, alamat, no_hp, sejak, foto, desa_id) OVERRIDING SYSTEM VALUE VALUES (74, 'UMKM Berry Lembang (Ibu Lina Marlina)', 'UMKM Berry Lembang (Ibu Lina Marlina)', 'Desa Cibodas, Kec. Lembang, Kab. Kabupaten Bandung Barat', '628123459019', '2016', '/images/petani/prmpuan.jpeg', 4);
INSERT INTO produk (id, nama, harga, stok, gambar, deskripsi, satuan, keunggulan, cerita, kategori_id, umkm_id, created_at) OVERRIDING SYSTEM VALUE VALUES (119, 'Dodol Stroberi', 32000, 78, '/images/produk/dodol_stroberi.jpg', 'Dodol tradisional dengan rasa manis alami dari stroberi segar Lembang.', '250 gr', 'Mengandung buah stroberi asli, tekstur lembut, tanpa pewarna sintetis.', 'Saat musim panen raya, sebagian stroberi matang tidak dapat dijual sebagai buah segar karena umur simpannya yang pendek. Agar hasil panen tetap bernilai ekonomi, masyarakat Desa Cibodas mengolahnya menjadi dodol stroberi dengan resep turun-temurun. Perpaduan buah segar dan proses memasak perlahan menghasilkan rasa manis alami yang menjadi favorit wisatawan.', 6, 74, NOW());
INSERT INTO umkm (id, nama, pemilik, alamat, no_hp, sejak, foto, desa_id) OVERRIDING SYSTEM VALUE VALUES (75, 'UMKM Berry Valley (Ibu Siti Nurhayati)', 'UMKM Berry Valley (Ibu Siti Nurhayati)', 'Jl. Maribaya RT 04/RW 05, Desa Cibodas', '6281234561408', '2020', '/images/petani/perempuan.jpeg', 4);
INSERT INTO produk (id, nama, harga, stok, gambar, deskripsi, satuan, keunggulan, cerita, kategori_id, umkm_id, created_at) OVERRIDING SYSTEM VALUE VALUES (120, 'Permen Stroberi', 16000, 84, '/images/produk/permen_stroberi.jpg', 'Permen buah dengan ekstrak stroberi asli yang menyegarkan.', '100 gr', 'Menggunakan sari buah stroberi lokal, rasa buah lebih dominan, praktis dibawa bepergian.', 'Terinspirasi dari melimpahnya hasil panen stroberi di Desa Cibodas, para pelaku UMKM menciptakan permen stroberi sebagai camilan praktis yang dapat dinikmati kapan saja. Setiap butir permen dibuat dari sari buah stroberi asli sehingga menghadirkan aroma khas dataran tinggi Lembang dalam setiap gigitan.', 6, 75, NOW());
INSERT INTO umkm (id, nama, pemilik, alamat, no_hp, sejak, foto, desa_id) OVERRIDING SYSTEM VALUE VALUES (76, 'UMKM Sehat Lestari Cibodas (Ibu Dewi Kartika)', 'UMKM Sehat Lestari Cibodas (Ibu Dewi Kartika)', 'Jl. Maribaya RT 05/RW 03, Desa Cibodas', '6281234561412', '2021', '/images/petani/perempuan (2).jpeg', 4);
INSERT INTO produk (id, nama, harga, stok, gambar, deskripsi, satuan, keunggulan, cerita, kategori_id, umkm_id, created_at) OVERRIDING SYSTEM VALUE VALUES (121, 'Stik Sayuran', 24000, 92, '/images/produk/bayam_hijau.jpg', 'Camilan sehat berbahan campuran bayam, wortel, brokoli, dan pakcoy.', '180 gr', 'Menggunakan sayuran segar lokal, tanpa pengawet, kaya serat dan vitamin.', 'Stik sayuran lahir dari semangat masyarakat Desa Cibodas untuk mengolah hasil panen hortikultura menjadi camilan yang disukai semua kalangan, terutama anak-anak. Campuran brokoli, bayam, wortel, dan pakcoy dipilih langsung dari kebun petani lokal, kemudian diolah menjadi stik renyah tanpa menghilangkan cita rasa alami sayuran. Setiap pembelian produk ini turut mendukung keberlanjutan UMKM desa dan mengurangi potensi terbuangnya hasil panen segar.', 5, 76, NOW());
INSERT INTO desa (id, nama_desa, kecamatan, kabupaten, latitude, longitude, deskripsi) OVERRIDING SYSTEM VALUE VALUES (5, 'Desa Wisata Nglanggeran', 'Patuk', 'Kabupaten Gunungkidul', -7.8522, 110.5123, 'Desa Wisata Nglanggeran di Gunungkidul, Yogyakarta, terkenal dengan Gunung Api Purba dan budidaya kakao. Masyarakat mengolah kakao menjadi cokelat premium, snack, dan minuman khas desa.');
INSERT INTO umkm (id, nama, pemilik, alamat, no_hp, sejak, foto, desa_id) OVERRIDING SYSTEM VALUE VALUES (77, 'Griya Cokelat', 'Griya Cokelat', 'Desa Desa Wisata Nglanggeran, Kec. Patuk, Kabupaten Gunungkidul', '628123459020', '2018', '/images/petani/lakikk.jpeg', 5);
INSERT INTO produk (id, nama, harga, stok, gambar, deskripsi, satuan, keunggulan, cerita, kategori_id, umkm_id, created_at) OVERRIDING SYSTEM VALUE VALUES (122, 'Cokelat Batang Original', 38000, 120, '/images/produk/coklat_batang.jpeg', '', '100 gr', '', '', 8, 77, NOW());
INSERT INTO produk (id, nama, harga, stok, gambar, deskripsi, satuan, keunggulan, cerita, kategori_id, umkm_id, created_at) OVERRIDING SYSTEM VALUE VALUES (123, 'Dark Chocolate 70%', 45000, 90, '/images/produk/dark_coklat.jpeg', '', '100 gr', '', '', 8, 77, NOW());
INSERT INTO produk (id, nama, harga, stok, gambar, deskripsi, satuan, keunggulan, cerita, kategori_id, umkm_id, created_at) OVERRIDING SYSTEM VALUE VALUES (124, 'Milk Chocolate', 40000, 100, '/images/produk/chocolate_almond.jpeg', '', '100 gr', '', '', 8, 77, NOW());
INSERT INTO produk (id, nama, harga, stok, gambar, deskripsi, satuan, keunggulan, cerita, kategori_id, umkm_id, created_at) OVERRIDING SYSTEM VALUE VALUES (125, 'White Chocolate', 42000, 70, '/images/produk/white_coklat.jpeg', '', '100 gr', '', '', 8, 77, NOW());
INSERT INTO umkm (id, nama, pemilik, alamat, no_hp, sejak, foto, desa_id) OVERRIDING SYSTEM VALUE VALUES (78, 'Kakao Purbarasa', 'Kakao Purbarasa', 'Desa Desa Wisata Nglanggeran, Kec. Patuk, Kabupaten Gunungkidul', '628123459021', '2018', '/images/petani/lakilaki.jpeg', 5);
INSERT INTO produk (id, nama, harga, stok, gambar, deskripsi, satuan, keunggulan, cerita, kategori_id, umkm_id, created_at) OVERRIDING SYSTEM VALUE VALUES (126, 'Almond Chocolate Bar', 52000, 60, '/images/produk/chocolate_almond.jpeg', '', '120 gr', '', '', 8, 78, NOW());
INSERT INTO produk (id, nama, harga, stok, gambar, deskripsi, satuan, keunggulan, cerita, kategori_id, umkm_id, created_at) OVERRIDING SYSTEM VALUE VALUES (127, 'Cashew Chocolate', 50000, 55, '/images/produk/coklat_cashew.jpeg', '', '120 gr', '', '', 8, 78, NOW());
INSERT INTO produk (id, nama, harga, stok, gambar, deskripsi, satuan, keunggulan, cerita, kategori_id, umkm_id, created_at) OVERRIDING SYSTEM VALUE VALUES (128, 'Chocolate Spread', 48000, 65, '/images/produk/chocolate_almond.jpeg', '', '250 gr', '', '', 8, 78, NOW());
INSERT INTO produk (id, nama, harga, stok, gambar, deskripsi, satuan, keunggulan, cerita, kategori_id, umkm_id, created_at) OVERRIDING SYSTEM VALUE VALUES (129, 'Cokelat Bubuk Premium', 36000, 95, '/images/produk/bubuk_coklat.jpeg', '', '200 gr', '', '', 8, 77, NOW());
INSERT INTO produk (id, nama, harga, stok, gambar, deskripsi, satuan, keunggulan, cerita, kategori_id, umkm_id, created_at) OVERRIDING SYSTEM VALUE VALUES (130, 'Minuman Cokelat Instan', 32000, 120, '/images/produk/minuman_coklat_instan.jpeg', '', '200 gr', '', '', 8, 77, NOW());
INSERT INTO umkm (id, nama, pemilik, alamat, no_hp, sejak, foto, desa_id) OVERRIDING SYSTEM VALUE VALUES (79, 'Kakao Nglanggeran', 'Kakao Nglanggeran', 'Desa Desa Wisata Nglanggeran, Kec. Patuk, Kabupaten Gunungkidul', '628123459022', '2018', '/images/petani/lakiiii.jpeg', 5);
INSERT INTO produk (id, nama, harga, stok, gambar, deskripsi, satuan, keunggulan, cerita, kategori_id, umkm_id, created_at) OVERRIDING SYSTEM VALUE VALUES (131, 'Kakao Fermentasi', 65000, 40, '/images/produk/kakao_fermentasi.jpg', '', '500 gr', '', '', 8, 79, NOW());
INSERT INTO umkm (id, nama, pemilik, alamat, no_hp, sejak, foto, desa_id) OVERRIDING SYSTEM VALUE VALUES (80, 'Purbarasa', 'Purbarasa', 'Desa Desa Wisata Nglanggeran, Kec. Patuk, Kabupaten Gunungkidul', '628123459023', '2018', '/images/petani/laki-laki.jpeg', 5);
INSERT INTO produk (id, nama, harga, stok, gambar, deskripsi, satuan, keunggulan, cerita, kategori_id, umkm_id, created_at) OVERRIDING SYSTEM VALUE VALUES (132, 'Cookies Cokelat', 28000, 120, '/images/produk/cookies_coklat.jpeg', '', '250 gr', '', '', 6, 80, NOW());
INSERT INTO produk (id, nama, harga, stok, gambar, deskripsi, satuan, keunggulan, cerita, kategori_id, umkm_id, created_at) OVERRIDING SYSTEM VALUE VALUES (133, 'Brownies Cokelat', 55000, 80, '/images/produk/brownies_coklat.jpeg', '', '450 gr', '', '', 6, 80, NOW());
INSERT INTO produk (id, nama, harga, stok, gambar, deskripsi, satuan, keunggulan, cerita, kategori_id, umkm_id, created_at) OVERRIDING SYSTEM VALUE VALUES (134, 'Dodol Kakao', 32000, 100, '/images/produk/dodol_kakao.jpg', '', '300 gr', '', '', 6, 80, NOW());
INSERT INTO umkm (id, nama, pemilik, alamat, no_hp, sejak, foto, desa_id) OVERRIDING SYSTEM VALUE VALUES (81, 'Dapur Kakao', 'Dapur Kakao', 'Desa Desa Wisata Nglanggeran, Kec. Patuk, Kabupaten Gunungkidul', '628123459024', '2018', '/images/petani/lelaki.jpeg', 5);
INSERT INTO produk (id, nama, harga, stok, gambar, deskripsi, satuan, keunggulan, cerita, kategori_id, umkm_id, created_at) OVERRIDING SYSTEM VALUE VALUES (135, 'Choco Stick', 25000, 130, '/images/produk/chocolate_almond.jpeg', '', '150 gr', '', '', 6, 81, NOW());
INSERT INTO produk (id, nama, harga, stok, gambar, deskripsi, satuan, keunggulan, cerita, kategori_id, umkm_id, created_at) OVERRIDING SYSTEM VALUE VALUES (136, 'Wafer Cokelat', 24000, 95, '/images/produk/wafer_coklat.jpeg', '', '200 gr', '', '', 6, 81, NOW());
INSERT INTO umkm (id, nama, pemilik, alamat, no_hp, sejak, foto, desa_id) OVERRIDING SYSTEM VALUE VALUES (82, 'Nglanggeran Snack', 'Nglanggeran Snack', 'Desa Desa Wisata Nglanggeran, Kec. Patuk, Kabupaten Gunungkidul', '628123459025', '2018', '/images/petani/lelakii.jpeg', 5);
INSERT INTO produk (id, nama, harga, stok, gambar, deskripsi, satuan, keunggulan, cerita, kategori_id, umkm_id, created_at) OVERRIDING SYSTEM VALUE VALUES (137, 'Keripik Singkong', 22000, 120, '/images/produk/keripik_singkong.jpg', '', '200 gr', '', '', 6, 82, NOW());
INSERT INTO produk (id, nama, harga, stok, gambar, deskripsi, satuan, keunggulan, cerita, kategori_id, umkm_id, created_at) OVERRIDING SYSTEM VALUE VALUES (138, 'Keripik Pisang', 24000, 110, '/images/produk/keripik_pisang.jpg', '', '200 gr', '', '', 6, 82, NOW());
INSERT INTO produk (id, nama, harga, stok, gambar, deskripsi, satuan, keunggulan, cerita, kategori_id, umkm_id, created_at) OVERRIDING SYSTEM VALUE VALUES (139, 'Keripik Sukun', 25000, 90, '/images/produk/keripik_sukun___kripik_sukun_gurih_lebar_asin_enak_renyah.jpeg', '', '200 gr', '', '', 6, 82, NOW());
INSERT INTO produk (id, nama, harga, stok, gambar, deskripsi, satuan, keunggulan, cerita, kategori_id, umkm_id, created_at) OVERRIDING SYSTEM VALUE VALUES (140, 'Chocomix', 30000, 120, '/images/produk/cold_brew.jpg', '', '200 gr', '', '', 9, 77, NOW());
INSERT INTO produk (id, nama, harga, stok, gambar, deskripsi, satuan, keunggulan, cerita, kategori_id, umkm_id, created_at) OVERRIDING SYSTEM VALUE VALUES (141, 'Cokelat Panas Premium', 38000, 90, '/images/produk/madu_kaliandra_premium.jpg', '', '250 gr', '', '', 9, 77, NOW());
INSERT INTO produk (id, nama, harga, stok, gambar, deskripsi, satuan, keunggulan, cerita, kategori_id, umkm_id, created_at) OVERRIDING SYSTEM VALUE VALUES (142, 'Sirup Kakao', 45000, 70, '/images/produk/kakau_sirup.jpeg', '', '500 ml', '', '', 9, 78, NOW());
INSERT INTO produk (id, nama, harga, stok, gambar, deskripsi, satuan, keunggulan, cerita, kategori_id, umkm_id, created_at) OVERRIDING SYSTEM VALUE VALUES (143, 'Kopi Kakao Blend', 48000, 65, '/images/produk/brownies_kopi.jpg', '', '250 gr', '', '', 9, 81, NOW());
INSERT INTO produk (id, nama, harga, stok, gambar, deskripsi, satuan, keunggulan, cerita, kategori_id, umkm_id, created_at) OVERRIDING SYSTEM VALUE VALUES (144, 'Wedang Jahe Cokelat', 35000, 80, '/images/produk/wedang_jahe_coklat.jpeg', '', '250 gr', '', '', 9, 81, NOW());
INSERT INTO produk (id, nama, harga, stok, gambar, deskripsi, satuan, keunggulan, cerita, kategori_id, umkm_id, created_at) OVERRIDING SYSTEM VALUE VALUES (145, 'Susu Cokelat Bubuk', 34000, 90, '/images/produk/pie_susu_bali.jpg', '', '250 gr', '', '', 9, 77, NOW());
INSERT INTO produk (id, nama, harga, stok, gambar, deskripsi, satuan, keunggulan, cerita, kategori_id, umkm_id, created_at) OVERRIDING SYSTEM VALUE VALUES (146, 'Hampers Cokelat Premium', 185000, 20, '/images/produk/madu_kaliandra_premium.jpg', '', '1 kg', '', '', 10, 77, NOW());
INSERT INTO produk (id, nama, harga, stok, gambar, deskripsi, satuan, keunggulan, cerita, kategori_id, umkm_id, created_at) OVERRIDING SYSTEM VALUE VALUES (147, 'Gift Box Kakao', 165000, 25, '/images/produk/biji_kakao_fermentasi.jpeg', '', '900 gr', '', '', 10, 77, NOW());
INSERT INTO produk (id, nama, harga, stok, gambar, deskripsi, satuan, keunggulan, cerita, kategori_id, umkm_id, created_at) OVERRIDING SYSTEM VALUE VALUES (148, 'Geplak Cokelat', 28000, 90, '/images/produk/dodol_stroberi.jpg', '', '300 gr', '', '', 10, 80, NOW());
INSERT INTO umkm (id, nama, pemilik, alamat, no_hp, sejak, foto, desa_id) OVERRIDING SYSTEM VALUE VALUES (83, 'Rasa Jogja', 'Rasa Jogja', 'Desa Desa Wisata Nglanggeran, Kec. Patuk, Kabupaten Gunungkidul', '628123459026', '2018', '/images/petani/laki.jpeg', 5);
INSERT INTO produk (id, nama, harga, stok, gambar, deskripsi, satuan, keunggulan, cerita, kategori_id, umkm_id, created_at) OVERRIDING SYSTEM VALUE VALUES (149, 'Bakpia Cokelat', 45000, 75, '/images/produk/dodol_stroberi.jpg', '', '10 pcs', '', '', 10, 83, NOW());
INSERT INTO produk (id, nama, harga, stok, gambar, deskripsi, satuan, keunggulan, cerita, kategori_id, umkm_id, created_at) OVERRIDING SYSTEM VALUE VALUES (150, 'Pathilo Gunungkidul', 25000, 100, '/images/produk/dodol_stroberi.jpg', '', '250 gr', '', '', 10, 83, NOW());
INSERT INTO produk (id, nama, harga, stok, gambar, deskripsi, satuan, keunggulan, cerita, kategori_id, umkm_id, created_at) OVERRIDING SYSTEM VALUE VALUES (151, 'Thiwul Instan', 30000, 80, '/images/produk/minuman_coklat_instan.jpeg', '', '500 gr', '', '', 10, 83, NOW());
INSERT INTO produk (id, nama, harga, stok, gambar, deskripsi, satuan, keunggulan, cerita, kategori_id, umkm_id, created_at) OVERRIDING SYSTEM VALUE VALUES (152, 'Emping Melinjo', 35000, 70, '/images/produk/dodol_stroberi.jpg', '', '250 gr', '', '', 10, 82, NOW());
INSERT INTO umkm (id, nama, pemilik, alamat, no_hp, sejak, foto, desa_id) OVERRIDING SYSTEM VALUE VALUES (84, 'Alam Nglanggeran', 'Alam Nglanggeran', 'Desa Desa Wisata Nglanggeran, Kec. Patuk, Kabupaten Gunungkidul', '628123459027', '2018', '/images/petani/laki2.jpeg', 5);
INSERT INTO produk (id, nama, harga, stok, gambar, deskripsi, satuan, keunggulan, cerita, kategori_id, umkm_id, created_at) OVERRIDING SYSTEM VALUE VALUES (153, 'Gula Kelapa Organik', 32000, 90, '/images/produk/kelapa_muda.jpg', '', '500 gr', '', '', 10, 84, NOW());
INSERT INTO produk (id, nama, harga, stok, gambar, deskripsi, satuan, keunggulan, cerita, kategori_id, umkm_id, created_at) OVERRIDING SYSTEM VALUE VALUES (154, 'Sambal Bawang Gunungkidul', 30000, 100, '/images/produk/daun_bawang.jpg', '', '250 gr', '', '', 10, 81, NOW());
INSERT INTO produk (id, nama, harga, stok, gambar, deskripsi, satuan, keunggulan, cerita, kategori_id, umkm_id, created_at) OVERRIDING SYSTEM VALUE VALUES (155, 'Permen Kakao', 20000, 120, '/images/produk/permen_stroberi.jpg', '', '150 gr', '', '', 10, 77, NOW());
INSERT INTO umkm (id, nama, pemilik, alamat, no_hp, sejak, foto, desa_id) OVERRIDING SYSTEM VALUE VALUES (85, 'Batik Nglanggeran', 'Batik Nglanggeran', 'Desa Desa Wisata Nglanggeran, Kec. Patuk, Kabupaten Gunungkidul', '628123459028', '2018', '/images/petani/lakik.jpeg', 5);
INSERT INTO produk (id, nama, harga, stok, gambar, deskripsi, satuan, keunggulan, cerita, kategori_id, umkm_id, created_at) OVERRIDING SYSTEM VALUE VALUES (156, 'Batik Motif Kakao', 185000, 30, '/images/produk/kain_motif_batik.jpeg', '', '1 pcs', '', '', 4, 85, NOW());
INSERT INTO produk (id, nama, harga, stok, gambar, deskripsi, satuan, keunggulan, cerita, kategori_id, umkm_id, created_at) OVERRIDING SYSTEM VALUE VALUES (157, 'Batik Ecoprint', 225000, 20, '/images/produk/kain_motif_batik.jpeg', '', '1 pcs', '', '', 4, 85, NOW());
INSERT INTO umkm (id, nama, pemilik, alamat, no_hp, sejak, foto, desa_id) OVERRIDING SYSTEM VALUE VALUES (86, 'Kriya Nglanggeran', 'Kriya Nglanggeran', 'Desa Desa Wisata Nglanggeran, Kec. Patuk, Kabupaten Gunungkidul', '628123459029', '2018', '/images/petani/lakikk.jpeg', 5);
INSERT INTO produk (id, nama, harga, stok, gambar, deskripsi, satuan, keunggulan, cerita, kategori_id, umkm_id, created_at) OVERRIDING SYSTEM VALUE VALUES (158, 'Tas Anyaman Bambu', 95000, 35, '/images/produk/keranjang_anyaman_bambu.jpg', '', '1 pcs', '', '', 4, 86, NOW());
INSERT INTO produk (id, nama, harga, stok, gambar, deskripsi, satuan, keunggulan, cerita, kategori_id, umkm_id, created_at) OVERRIDING SYSTEM VALUE VALUES (159, 'Keranjang Bambu', 85000, 40, '/images/produk/keranjang_bambu.jpg', '', '1 pcs', '', '', 4, 86, NOW());
INSERT INTO produk (id, nama, harga, stok, gambar, deskripsi, satuan, keunggulan, cerita, kategori_id, umkm_id, created_at) OVERRIDING SYSTEM VALUE VALUES (160, 'Miniatur Gunung Api Purba', 75000, 30, '/images/produk/keranjang_bambu.jpg', '', '1 pcs', '', '', 4, 86, NOW());
INSERT INTO produk (id, nama, harga, stok, gambar, deskripsi, satuan, keunggulan, cerita, kategori_id, umkm_id, created_at) OVERRIDING SYSTEM VALUE VALUES (161, 'Mug Motif Kakao', 48000, 55, '/images/produk/kain_motif_batik.jpeg', '', '1 pcs', '', '', 4, 86, NOW());
INSERT INTO produk (id, nama, harga, stok, gambar, deskripsi, satuan, keunggulan, cerita, kategori_id, umkm_id, created_at) OVERRIDING SYSTEM VALUE VALUES (162, 'Gantungan Kunci Gunung Api Purba', 18000, 120, '/images/produk/keranjang_bambu.jpg', '', '1 pcs', '', '', 4, 86, NOW());
INSERT INTO produk (id, nama, harga, stok, gambar, deskripsi, satuan, keunggulan, cerita, kategori_id, umkm_id, created_at) OVERRIDING SYSTEM VALUE VALUES (163, 'Topeng Batik Handmade', 95000, 25, '/images/produk/topeng_batik.jpeg', '', '1 pcs', '', '', 4, 85, NOW());
INSERT INTO desa (id, nama_desa, kecamatan, kabupaten, latitude, longitude, deskripsi) OVERRIDING SYSTEM VALUE VALUES (6, 'Desa Margamulya', 'Pangalengan', 'Kabupaten Bandung', -7.1623, 107.5812, 'Desa Margamulya di Pangalengan, Bandung, pada ketinggian 1.000-1.400 mdpl. Sentra kopi arabika, teh premium, dan madu hutan dengan cita rasa khas dataran tinggi Jawa Barat.');
INSERT INTO umkm (id, nama, pemilik, alamat, no_hp, sejak, foto, desa_id) OVERRIDING SYSTEM VALUE VALUES (87, 'Kopi Lereng Margamulya', 'Kopi Lereng Margamulya', 'Desa Desa Margamulya, Kec. Pangalengan, Kabupaten Bandung', '628123459030', '2018', '/images/petani/lakilaki.jpeg', 6);
INSERT INTO produk (id, nama, harga, stok, gambar, deskripsi, satuan, keunggulan, cerita, kategori_id, umkm_id, created_at) OVERRIDING SYSTEM VALUE VALUES (164, 'Kopi Arabika Premium', 85000, 120, '/images/produk/brownies_kopi.jpg', '', '250 gr', '', '', 2, 87, NOW());
INSERT INTO produk (id, nama, harga, stok, gambar, deskripsi, satuan, keunggulan, cerita, kategori_id, umkm_id, created_at) OVERRIDING SYSTEM VALUE VALUES (165, 'Kopi Arabika Natural', 88000, 95, '/images/produk/brownies_kopi.jpg', '', '250 gr', '', '', 2, 87, NOW());
INSERT INTO umkm (id, nama, pemilik, alamat, no_hp, sejak, foto, desa_id) OVERRIDING SYSTEM VALUE VALUES (88, 'Kopi Nusantara', 'Kopi Nusantara', 'Desa Desa Margamulya, Kec. Pangalengan, Kabupaten Bandung', '628123459031', '2018', '/images/petani/lakiiii.jpeg', 6);
INSERT INTO produk (id, nama, harga, stok, gambar, deskripsi, satuan, keunggulan, cerita, kategori_id, umkm_id, created_at) OVERRIDING SYSTEM VALUE VALUES (166, 'Kopi Arabika Honey Process', 95000, 80, '/images/produk/brownies_kopi.jpg', '', '250 gr', '', '', 2, 88, NOW());
INSERT INTO umkm (id, nama, pemilik, alamat, no_hp, sejak, foto, desa_id) OVERRIDING SYSTEM VALUE VALUES (89, 'Kopi Margamulya', 'Kopi Margamulya', 'Desa Desa Margamulya, Kec. Pangalengan, Kabupaten Bandung', '628123459032', '2018', '/images/petani/laki-laki.jpeg', 6);
INSERT INTO produk (id, nama, harga, stok, gambar, deskripsi, satuan, keunggulan, cerita, kategori_id, umkm_id, created_at) OVERRIDING SYSTEM VALUE VALUES (167, 'Kopi Arabika Full Wash', 90000, 75, '/images/produk/brownies_kopi.jpg', '', '250 gr', '', '', 2, 89, NOW());
INSERT INTO produk (id, nama, harga, stok, gambar, deskripsi, satuan, keunggulan, cerita, kategori_id, umkm_id, created_at) OVERRIDING SYSTEM VALUE VALUES (168, 'Kopi Arabika Wine Process', 110000, 45, '/images/produk/brownies_kopi.jpg', '', '250 gr', '', '', 2, 89, NOW());
INSERT INTO umkm (id, nama, pemilik, alamat, no_hp, sejak, foto, desa_id) OVERRIDING SYSTEM VALUE VALUES (90, 'UMKM Gunung Kopi', 'UMKM Gunung Kopi', 'Desa Desa Margamulya, Kec. Pangalengan, Kabupaten Bandung', '628123459033', '2018', '/images/petani/lelaki.jpeg', 6);
INSERT INTO produk (id, nama, harga, stok, gambar, deskripsi, satuan, keunggulan, cerita, kategori_id, umkm_id, created_at) OVERRIDING SYSTEM VALUE VALUES (169, 'Kopi Bubuk Tradisional', 55000, 100, '/images/produk/kopi_bubuk_tradisional.jpg', '', '200 gr', '', '', 2, 90, NOW());
INSERT INTO umkm (id, nama, pemilik, alamat, no_hp, sejak, foto, desa_id) OVERRIDING SYSTEM VALUE VALUES (91, 'Gunung Kopi', 'Gunung Kopi', 'Desa Desa Margamulya, Kec. Pangalengan, Kabupaten Bandung', '628123459034', '2018', '/images/petani/lelakii.jpeg', 6);
INSERT INTO produk (id, nama, harga, stok, gambar, deskripsi, satuan, keunggulan, cerita, kategori_id, umkm_id, created_at) OVERRIDING SYSTEM VALUE VALUES (170, 'Drip Bag Coffee', 42000, 140, '/images/produk/drip_bag_coffee.jpg', '', '100 gr', '', '', 2, 91, NOW());
INSERT INTO produk (id, nama, harga, stok, gambar, deskripsi, satuan, keunggulan, cerita, kategori_id, umkm_id, created_at) OVERRIDING SYSTEM VALUE VALUES (171, 'Espresso Blend', 78000, 65, '/images/produk/kopi_arabika_lembang.jpg', '', '250 gr', '', '', 2, 91, NOW());
INSERT INTO umkm (id, nama, pemilik, alamat, no_hp, sejak, foto, desa_id) OVERRIDING SYSTEM VALUE VALUES (92, 'Kopi Lereng', 'Kopi Lereng', 'Desa Desa Margamulya, Kec. Pangalengan, Kabupaten Bandung', '628123459035', '2018', '/images/petani/laki.jpeg', 6);
INSERT INTO produk (id, nama, harga, stok, gambar, deskripsi, satuan, keunggulan, cerita, kategori_id, umkm_id, created_at) OVERRIDING SYSTEM VALUE VALUES (172, 'Cold Brew Coffee', 28000, 60, '/images/produk/cold_brew.jpg', '', '250 ml', '', '', 2, 92, NOW());
INSERT INTO produk (id, nama, harga, stok, gambar, deskripsi, satuan, keunggulan, cerita, kategori_id, umkm_id, created_at) OVERRIDING SYSTEM VALUE VALUES (173, 'Coffee Gift Box', 175000, 25, '/images/produk/drip_bag_coffee.jpg', '', '750 gr', '', '', 2, 92, NOW());
INSERT INTO umkm (id, nama, pemilik, alamat, no_hp, sejak, foto, desa_id) OVERRIDING SYSTEM VALUE VALUES (93, 'Teh Sejuk', 'Teh Sejuk', 'Desa Desa Margamulya, Kec. Pangalengan, Kabupaten Bandung', '628123459036', '2018', '/images/petani/laki2.jpeg', 6);
INSERT INTO produk (id, nama, harga, stok, gambar, deskripsi, satuan, keunggulan, cerita, kategori_id, umkm_id, created_at) OVERRIDING SYSTEM VALUE VALUES (174, 'Teh Hijau Premium', 45000, 150, '/images/produk/bayam_hijau.jpg', '', '200 gr', '', '', 7, 93, NOW());
INSERT INTO produk (id, nama, harga, stok, gambar, deskripsi, satuan, keunggulan, cerita, kategori_id, umkm_id, created_at) OVERRIDING SYSTEM VALUE VALUES (175, 'Teh Hitam Premium', 48000, 135, '/images/produk/madu_kaliandra_premium.jpg', '', '200 gr', '', '', 7, 93, NOW());
INSERT INTO umkm (id, nama, pemilik, alamat, no_hp, sejak, foto, desa_id) OVERRIDING SYSTEM VALUE VALUES (94, 'Margamulya Tea', 'Margamulya Tea', 'Desa Desa Margamulya, Kec. Pangalengan, Kabupaten Bandung', '628123459037', '2018', '/images/petani/lakik.jpeg', 6);
INSERT INTO produk (id, nama, harga, stok, gambar, deskripsi, satuan, keunggulan, cerita, kategori_id, umkm_id, created_at) OVERRIDING SYSTEM VALUE VALUES (176, 'Teh Melati', 42000, 120, '/images/produk/kopi_arabika_lembang.jpg', '', '200 gr', '', '', 7, 94, NOW());
INSERT INTO produk (id, nama, harga, stok, gambar, deskripsi, satuan, keunggulan, cerita, kategori_id, umkm_id, created_at) OVERRIDING SYSTEM VALUE VALUES (177, 'Teh Lemon', 39000, 90, '/images/produk/honey_lemon.jpg', '', '200 gr', '', '', 7, 94, NOW());
INSERT INTO produk (id, nama, harga, stok, gambar, deskripsi, satuan, keunggulan, cerita, kategori_id, umkm_id, created_at) OVERRIDING SYSTEM VALUE VALUES (178, 'Teh Jahe', 42000, 95, '/images/produk/madu_jahe_merah.jpg', '', '200 gr', '', '', 7, 94, NOW());
INSERT INTO produk (id, nama, harga, stok, gambar, deskripsi, satuan, keunggulan, cerita, kategori_id, umkm_id, created_at) OVERRIDING SYSTEM VALUE VALUES (179, 'Teh Rosella', 48000, 75, '/images/produk/kopi_arabika_lembang.jpg', '', '200 gr', '', '', 7, 93, NOW());
INSERT INTO umkm (id, nama, pemilik, alamat, no_hp, sejak, foto, desa_id) OVERRIDING SYSTEM VALUE VALUES (95, 'Green Tea UMKM', 'Green Tea UMKM', 'Desa Desa Margamulya, Kec. Pangalengan, Kabupaten Bandung', '628123459038', '2018', '/images/petani/lakikk.jpeg', 6);
INSERT INTO produk (id, nama, harga, stok, gambar, deskripsi, satuan, keunggulan, cerita, kategori_id, umkm_id, created_at) OVERRIDING SYSTEM VALUE VALUES (180, 'Matcha Lokal', 68000, 50, '/images/produk/kopi_arabika_lembang.jpg', '', '100 gr', '', '', 7, 95, NOW());
INSERT INTO produk (id, nama, harga, stok, gambar, deskripsi, satuan, keunggulan, cerita, kategori_id, umkm_id, created_at) OVERRIDING SYSTEM VALUE VALUES (181, 'Teh Chamomile', 55000, 40, '/images/produk/kopi_arabika_lembang.jpg', '', '100 gr', '', '', 7, 95, NOW());
INSERT INTO umkm (id, nama, pemilik, alamat, no_hp, sejak, foto, desa_id) OVERRIDING SYSTEM VALUE VALUES (96, 'Madu Alam', 'Madu Alam', 'Desa Desa Margamulya, Kec. Pangalengan, Kabupaten Bandung', '628123459039', '2018', '/images/petani/lakilaki.jpeg', 6);
INSERT INTO produk (id, nama, harga, stok, gambar, deskripsi, satuan, keunggulan, cerita, kategori_id, umkm_id, created_at) OVERRIDING SYSTEM VALUE VALUES (182, 'Madu Hutan Asli', 98000, 80, '/images/produk/cookies_madu.jpg', '', '500 ml', '', '', 3, 96, NOW());
INSERT INTO produk (id, nama, harga, stok, gambar, deskripsi, satuan, keunggulan, cerita, kategori_id, umkm_id, created_at) OVERRIDING SYSTEM VALUE VALUES (183, 'Madu Kopi', 110000, 55, '/images/produk/cookies_madu.jpg', '', '500 ml', '', '', 3, 96, NOW());
INSERT INTO produk (id, nama, harga, stok, gambar, deskripsi, satuan, keunggulan, cerita, kategori_id, umkm_id, created_at) OVERRIDING SYSTEM VALUE VALUES (184, 'Madu Multiflora', 95000, 70, '/images/produk/madu_multiflora.jpg', '', '500 ml', '', '', 3, 96, NOW());
INSERT INTO umkm (id, nama, pemilik, alamat, no_hp, sejak, foto, desa_id) OVERRIDING SYSTEM VALUE VALUES (97, 'Madu Lereng', 'Madu Lereng', 'Desa Desa Margamulya, Kec. Pangalengan, Kabupaten Bandung', '628123459040', '2018', '/images/petani/lakiiii.jpeg', 6);
INSERT INTO produk (id, nama, harga, stok, gambar, deskripsi, satuan, keunggulan, cerita, kategori_id, umkm_id, created_at) OVERRIDING SYSTEM VALUE VALUES (185, 'Madu Kaliandra', 120000, 40, '/images/produk/madu_kaliandra_premium.jpg', '', '500 ml', '', '', 3, 97, NOW());
INSERT INTO produk (id, nama, harga, stok, gambar, deskripsi, satuan, keunggulan, cerita, kategori_id, umkm_id, created_at) OVERRIDING SYSTEM VALUE VALUES (186, 'Madu Hutan Premium', 135000, 30, '/images/produk/cookies_madu.jpg', '', '500 ml', '', '', 3, 97, NOW());
INSERT INTO umkm (id, nama, pemilik, alamat, no_hp, sejak, foto, desa_id) OVERRIDING SYSTEM VALUE VALUES (98, 'Dapur Kopi', 'Dapur Kopi', 'Desa Desa Margamulya, Kec. Pangalengan, Kabupaten Bandung', '628123459041', '2018', '/images/petani/laki-laki.jpeg', 6);
INSERT INTO produk (id, nama, harga, stok, gambar, deskripsi, satuan, keunggulan, cerita, kategori_id, umkm_id, created_at) OVERRIDING SYSTEM VALUE VALUES (187, 'Cookies Kopi', 28000, 80, '/images/produk/cookies_kopi_bali.jpg', '', '250 gr', '', '', 6, 98, NOW());
INSERT INTO produk (id, nama, harga, stok, gambar, deskripsi, satuan, keunggulan, cerita, kategori_id, umkm_id, created_at) OVERRIDING SYSTEM VALUE VALUES (188, 'Brownies Kopi', 55000, 60, '/images/produk/brownies_kopi.jpg', '', '450 gr', '', '', 6, 98, NOW());
INSERT INTO umkm (id, nama, pemilik, alamat, no_hp, sejak, foto, desa_id) OVERRIDING SYSTEM VALUE VALUES (99, 'Camilan Desa', 'Camilan Desa', 'Desa Desa Margamulya, Kec. Pangalengan, Kabupaten Bandung', '628123459042', '2018', '/images/petani/lelaki.jpeg', 6);
INSERT INTO produk (id, nama, harga, stok, gambar, deskripsi, satuan, keunggulan, cerita, kategori_id, umkm_id, created_at) OVERRIDING SYSTEM VALUE VALUES (189, 'Keripik Pisang', 22000, 120, '/images/produk/keripik_pisang.jpg', '', '200 gr', '', '', 6, 99, NOW());
INSERT INTO produk (id, nama, harga, stok, gambar, deskripsi, satuan, keunggulan, cerita, kategori_id, umkm_id, created_at) OVERRIDING SYSTEM VALUE VALUES (190, 'Keripik Singkong', 20000, 140, '/images/produk/keripik_singkong.jpg', '', '200 gr', '', '', 6, 99, NOW());
INSERT INTO produk (id, nama, harga, stok, gambar, deskripsi, satuan, keunggulan, cerita, kategori_id, umkm_id, created_at) OVERRIDING SYSTEM VALUE VALUES (191, 'Kacang Sangrai', 32000, 90, '/images/produk/keripik_singkong.jpg', '', '250 gr', '', '', 6, 99, NOW());
INSERT INTO produk (id, nama, harga, stok, gambar, deskripsi, satuan, keunggulan, cerita, kategori_id, umkm_id, created_at) OVERRIDING SYSTEM VALUE VALUES (192, 'Stik Keju', 30000, 75, '/images/produk/keripik_singkong.jpg', '', '200 gr', '', '', 6, 98, NOW());
INSERT INTO produk (id, nama, harga, stok, gambar, deskripsi, satuan, keunggulan, cerita, kategori_id, umkm_id, created_at) OVERRIDING SYSTEM VALUE VALUES (193, 'Hampers Kopi Premium', 185000, 20, '/images/produk/brownies_kopi.jpg', '', '1 kg', '', '', 10, 92, NOW());
INSERT INTO produk (id, nama, harga, stok, gambar, deskripsi, satuan, keunggulan, cerita, kategori_id, umkm_id, created_at) OVERRIDING SYSTEM VALUE VALUES (194, 'Gift Box Arabika', 165000, 25, '/images/produk/arabika_java_preanger.jpg', '', '750 gr', '', '', 10, 92, NOW());
INSERT INTO produk (id, nama, harga, stok, gambar, deskripsi, satuan, keunggulan, cerita, kategori_id, umkm_id, created_at) OVERRIDING SYSTEM VALUE VALUES (195, 'Permen Kopi', 22000, 130, '/images/produk/permen_stroberi.jpg', '', '150 gr', '', '', 10, 98, NOW());
INSERT INTO produk (id, nama, harga, stok, gambar, deskripsi, satuan, keunggulan, cerita, kategori_id, umkm_id, created_at) OVERRIDING SYSTEM VALUE VALUES (196, 'Dodol Kopi', 32000, 90, '/images/produk/dodol_alpukat.jpg', '', '300 gr', '', '', 10, 98, NOW());
INSERT INTO umkm (id, nama, pemilik, alamat, no_hp, sejak, foto, desa_id) OVERRIDING SYSTEM VALUE VALUES (100, 'Rasa Sunda', 'Rasa Sunda', 'Desa Desa Margamulya, Kec. Pangalengan, Kabupaten Bandung', '628123459043', '2018', '/images/petani/lelakii.jpeg', 6);
INSERT INTO produk (id, nama, harga, stok, gambar, deskripsi, satuan, keunggulan, cerita, kategori_id, umkm_id, created_at) OVERRIDING SYSTEM VALUE VALUES (197, 'Bandrek Instan', 30000, 80, '/images/produk/minuman_coklat_instan.jpeg', '', '250 gr', '', '', 10, 100, NOW());
INSERT INTO produk (id, nama, harga, stok, gambar, deskripsi, satuan, keunggulan, cerita, kategori_id, umkm_id, created_at) OVERRIDING SYSTEM VALUE VALUES (198, 'Bajigur Instan', 32000, 75, '/images/produk/minuman_coklat_instan.jpeg', '', '250 gr', '', '', 10, 100, NOW());
INSERT INTO umkm (id, nama, pemilik, alamat, no_hp, sejak, foto, desa_id) OVERRIDING SYSTEM VALUE VALUES (101, 'Aren Lestari', 'Aren Lestari', 'Desa Desa Margamulya, Kec. Pangalengan, Kabupaten Bandung', '628123459044', '2018', '/images/petani/pr.jpeg', 6);
INSERT INTO produk (id, nama, harga, stok, gambar, deskripsi, satuan, keunggulan, cerita, kategori_id, umkm_id, created_at) OVERRIDING SYSTEM VALUE VALUES (199, 'Gula Aren Premium', 35000, 110, '/images/produk/madu_kaliandra_premium.jpg', '', '500 gr', '', '', 10, 101, NOW());
INSERT INTO produk (id, nama, harga, stok, gambar, deskripsi, satuan, keunggulan, cerita, kategori_id, umkm_id, created_at) OVERRIDING SYSTEM VALUE VALUES (200, 'Sirup Kopi', 45000, 55, '/images/produk/kakau_sirup.jpeg', '', '500 ml', '', '', 10, 92, NOW());
INSERT INTO umkm (id, nama, pemilik, alamat, no_hp, sejak, foto, desa_id) OVERRIDING SYSTEM VALUE VALUES (102, 'Kriya Margamulya', 'Kriya Margamulya', 'Desa Desa Margamulya, Kec. Pangalengan, Kabupaten Bandung', '628123459045', '2018', '/images/petani/laki.jpeg', 6);
INSERT INTO produk (id, nama, harga, stok, gambar, deskripsi, satuan, keunggulan, cerita, kategori_id, umkm_id, created_at) OVERRIDING SYSTEM VALUE VALUES (201, 'Mug Keramik Motif Kopi', 48000, 40, '/images/produk/kain_motif_batik.jpeg', '', '1 pcs', '', '', 10, 102, NOW());
INSERT INTO produk (id, nama, harga, stok, gambar, deskripsi, satuan, keunggulan, cerita, kategori_id, umkm_id, created_at) OVERRIDING SYSTEM VALUE VALUES (202, 'Tote Bag Kopi Margamulya', 65000, 35, '/images/produk/brownies_kopi.jpg', '', '1 pcs', '', '', 10, 102, NOW());
INSERT INTO desa (id, nama_desa, kecamatan, kabupaten, latitude, longitude, deskripsi) OVERRIDING SYSTEM VALUE VALUES (7, 'Desa Tambi', 'Kejajar', 'Kabupaten Wonosobo', -7.2523, 109.9212, 'Desa Tambi di Kejajar, Wonosobo, Jawa Tengah, pada ketinggian 1.200-1.800 mdpl. Sentra teh hijau dan teh hitam premium. Juga menghasilkan carica, purwaceng, dan herbal khas Dieng.');
INSERT INTO umkm (id, nama, pemilik, alamat, no_hp, sejak, foto, desa_id) OVERRIDING SYSTEM VALUE VALUES (103, 'Tambi Tea', 'Tambi Tea', 'Desa Desa Tambi, Kec. Kejajar, Kabupaten Wonosobo', '628123459046', '2018', '/images/petani/laki2.jpeg', 7);
INSERT INTO produk (id, nama, harga, stok, gambar, deskripsi, satuan, keunggulan, cerita, kategori_id, umkm_id, created_at) OVERRIDING SYSTEM VALUE VALUES (203, 'Teh Hijau Premium', 45000, 150, '/images/produk/bayam_hijau.jpg', '', '200 gr', '', '', 7, 103, NOW());
INSERT INTO produk (id, nama, harga, stok, gambar, deskripsi, satuan, keunggulan, cerita, kategori_id, umkm_id, created_at) OVERRIDING SYSTEM VALUE VALUES (204, 'Teh Hitam Premium', 48000, 140, '/images/produk/madu_kaliandra_premium.jpg', '', '200 gr', '', '', 7, 103, NOW());
INSERT INTO produk (id, nama, harga, stok, gambar, deskripsi, satuan, keunggulan, cerita, kategori_id, umkm_id, created_at) OVERRIDING SYSTEM VALUE VALUES (205, 'Teh Putih', 75000, 60, '/images/produk/kopi_arabika_lembang.jpg', '', '100 gr', '', '', 7, 103, NOW());
INSERT INTO produk (id, nama, harga, stok, gambar, deskripsi, satuan, keunggulan, cerita, kategori_id, umkm_id, created_at) OVERRIDING SYSTEM VALUE VALUES (206, 'Teh Oolong', 68000, 75, '/images/produk/kopi_arabika_lembang.jpg', '', '150 gr', '', '', 7, 103, NOW());
INSERT INTO umkm (id, nama, pemilik, alamat, no_hp, sejak, foto, desa_id) OVERRIDING SYSTEM VALUE VALUES (104, 'Wonosobo Tea', 'Wonosobo Tea', 'Desa Desa Tambi, Kec. Kejajar, Kabupaten Wonosobo', '628123459047', '2018', '/images/petani/lakik.jpeg', 7);
INSERT INTO produk (id, nama, harga, stok, gambar, deskripsi, satuan, keunggulan, cerita, kategori_id, umkm_id, created_at) OVERRIDING SYSTEM VALUE VALUES (207, 'Teh Melati', 42000, 120, '/images/produk/kopi_arabika_lembang.jpg', '', '200 gr', '', '', 7, 104, NOW());
INSERT INTO produk (id, nama, harga, stok, gambar, deskripsi, satuan, keunggulan, cerita, kategori_id, umkm_id, created_at) OVERRIDING SYSTEM VALUE VALUES (208, 'Teh Rosella', 48000, 90, '/images/produk/kopi_arabika_lembang.jpg', '', '200 gr', '', '', 7, 104, NOW());
INSERT INTO umkm (id, nama, pemilik, alamat, no_hp, sejak, foto, desa_id) OVERRIDING SYSTEM VALUE VALUES (105, 'Tambi Herbal', 'Tambi Herbal', 'Desa Desa Tambi, Kec. Kejajar, Kabupaten Wonosobo', '628123459048', '2018', '/images/petani/lakikk.jpeg', 7);
INSERT INTO produk (id, nama, harga, stok, gambar, deskripsi, satuan, keunggulan, cerita, kategori_id, umkm_id, created_at) OVERRIDING SYSTEM VALUE VALUES (209, 'Teh Jahe', 45000, 100, '/images/produk/madu_jahe_merah.jpg', '', '200 gr', '', '', 7, 105, NOW());
INSERT INTO produk (id, nama, harga, stok, gambar, deskripsi, satuan, keunggulan, cerita, kategori_id, umkm_id, created_at) OVERRIDING SYSTEM VALUE VALUES (210, 'Teh Lemon', 40000, 85, '/images/produk/honey_lemon.jpg', '', '200 gr', '', '', 7, 105, NOW());
INSERT INTO produk (id, nama, harga, stok, gambar, deskripsi, satuan, keunggulan, cerita, kategori_id, umkm_id, created_at) OVERRIDING SYSTEM VALUE VALUES (211, 'Teh Serai', 44000, 80, '/images/produk/kopi_arabika_lembang.jpg', '', '200 gr', '', '', 7, 105, NOW());
INSERT INTO produk (id, nama, harga, stok, gambar, deskripsi, satuan, keunggulan, cerita, kategori_id, umkm_id, created_at) OVERRIDING SYSTEM VALUE VALUES (212, 'Matcha Lokal Tambi', 78000, 55, '/images/produk/kopi_arabika_lembang.jpg', '', '100 gr', '', '', 7, 103, NOW());
INSERT INTO umkm (id, nama, pemilik, alamat, no_hp, sejak, foto, desa_id) OVERRIDING SYSTEM VALUE VALUES (106, 'Madu Tambi', 'Madu Tambi', 'Desa Desa Tambi, Kec. Kejajar, Kabupaten Wonosobo', '628123459049', '2018', '/images/petani/lakilaki.jpeg', 7);
INSERT INTO produk (id, nama, harga, stok, gambar, deskripsi, satuan, keunggulan, cerita, kategori_id, umkm_id, created_at) OVERRIDING SYSTEM VALUE VALUES (213, 'Madu Hutan Tambi', 98000, 75, '/images/produk/cookies_madu.jpg', '', '500 ml', '', '', 3, 106, NOW());
INSERT INTO produk (id, nama, harga, stok, gambar, deskripsi, satuan, keunggulan, cerita, kategori_id, umkm_id, created_at) OVERRIDING SYSTEM VALUE VALUES (214, 'Madu Multiflora', 95000, 70, '/images/produk/madu_multiflora.jpg', '', '500 ml', '', '', 3, 106, NOW());
INSERT INTO produk (id, nama, harga, stok, gambar, deskripsi, satuan, keunggulan, cerita, kategori_id, umkm_id, created_at) OVERRIDING SYSTEM VALUE VALUES (215, 'Madu Kaliandra', 110000, 50, '/images/produk/madu_kaliandra_premium.jpg', '', '500 ml', '', '', 3, 106, NOW());
INSERT INTO produk (id, nama, harga, stok, gambar, deskripsi, satuan, keunggulan, cerita, kategori_id, umkm_id, created_at) OVERRIDING SYSTEM VALUE VALUES (216, 'Wedang Jahe Instan', 30000, 120, '/images/produk/wedang_jahe_coklat.jpeg', '', '250 gr', '', '', 3, 105, NOW());
INSERT INTO produk (id, nama, harga, stok, gambar, deskripsi, satuan, keunggulan, cerita, kategori_id, umkm_id, created_at) OVERRIDING SYSTEM VALUE VALUES (217, 'Wedang Uwuh', 35000, 95, '/images/produk/wedang_jahe_coklat.jpeg', '', '250 gr', '', '', 3, 105, NOW());
INSERT INTO produk (id, nama, harga, stok, gambar, deskripsi, satuan, keunggulan, cerita, kategori_id, umkm_id, created_at) OVERRIDING SYSTEM VALUE VALUES (218, 'Sirup Jahe', 42000, 65, '/images/produk/kakau_sirup.jpeg', '', '500 ml', '', '', 3, 105, NOW());
INSERT INTO produk (id, nama, harga, stok, gambar, deskripsi, satuan, keunggulan, cerita, kategori_id, umkm_id, created_at) OVERRIDING SYSTEM VALUE VALUES (219, 'Permen Jahe', 20000, 140, '/images/produk/permen_stroberi.jpg', '', '150 gr', '', '', 3, 105, NOW());
INSERT INTO produk (id, nama, harga, stok, gambar, deskripsi, satuan, keunggulan, cerita, kategori_id, umkm_id, created_at) OVERRIDING SYSTEM VALUE VALUES (220, 'Serbuk Jahe Merah', 38000, 80, '/images/produk/madu_jahe_merah.jpg', '', '250 gr', '', '', 3, 105, NOW());
INSERT INTO umkm (id, nama, pemilik, alamat, no_hp, sejak, foto, desa_id) OVERRIDING SYSTEM VALUE VALUES (107, 'Dapur Tambi', 'Dapur Tambi', 'Desa Desa Tambi, Kec. Kejajar, Kabupaten Wonosobo', '628123459050', '2018', '/images/petani/lakiiii.jpeg', 7);
INSERT INTO produk (id, nama, harga, stok, gambar, deskripsi, satuan, keunggulan, cerita, kategori_id, umkm_id, created_at) OVERRIDING SYSTEM VALUE VALUES (221, 'Cookies Teh Hijau', 30000, 85, '/images/produk/cookies_coklat.jpeg', '', '250 gr', '', '', 6, 107, NOW());
INSERT INTO produk (id, nama, harga, stok, gambar, deskripsi, satuan, keunggulan, cerita, kategori_id, umkm_id, created_at) OVERRIDING SYSTEM VALUE VALUES (222, 'Brownies Matcha', 55000, 70, '/images/produk/brownies_coklat.jpeg', '', '450 gr', '', '', 6, 107, NOW());
INSERT INTO umkm (id, nama, pemilik, alamat, no_hp, sejak, foto, desa_id) OVERRIDING SYSTEM VALUE VALUES (108, 'Camilan Tambi', 'Camilan Tambi', 'Desa Desa Tambi, Kec. Kejajar, Kabupaten Wonosobo', '628123459051', '2018', '/images/petani/laki-laki.jpeg', 7);
INSERT INTO produk (id, nama, harga, stok, gambar, deskripsi, satuan, keunggulan, cerita, kategori_id, umkm_id, created_at) OVERRIDING SYSTEM VALUE VALUES (223, 'Keripik Kentang Wonosobo', 28000, 120, '/images/produk/keripik_kentang.jpg', '', '200 gr', '', '', 6, 108, NOW());
INSERT INTO produk (id, nama, harga, stok, gambar, deskripsi, satuan, keunggulan, cerita, kategori_id, umkm_id, created_at) OVERRIDING SYSTEM VALUE VALUES (224, 'Keripik Singkong Balado', 22000, 100, '/images/produk/keripik_singkong.jpg', '', '200 gr', '', '', 6, 108, NOW());
INSERT INTO produk (id, nama, harga, stok, gambar, deskripsi, satuan, keunggulan, cerita, kategori_id, umkm_id, created_at) OVERRIDING SYSTEM VALUE VALUES (225, 'Keripik Jamur', 30000, 75, '/images/produk/keripik_bayam.jpg', '', '180 gr', '', '', 6, 108, NOW());
INSERT INTO produk (id, nama, harga, stok, gambar, deskripsi, satuan, keunggulan, cerita, kategori_id, umkm_id, created_at) OVERRIDING SYSTEM VALUE VALUES (226, 'Stik Keju', 32000, 90, '/images/produk/keripik_singkong.jpg', '', '200 gr', '', '', 6, 107, NOW());
INSERT INTO produk (id, nama, harga, stok, gambar, deskripsi, satuan, keunggulan, cerita, kategori_id, umkm_id, created_at) OVERRIDING SYSTEM VALUE VALUES (227, 'Kacang Bawang', 25000, 110, '/images/produk/daun_bawang.jpg', '', '250 gr', '', '', 6, 108, NOW());
INSERT INTO umkm (id, nama, pemilik, alamat, no_hp, sejak, foto, desa_id) OVERRIDING SYSTEM VALUE VALUES (109, 'UMKM Tambi', 'UMKM Tambi', 'Desa Desa Tambi, Kec. Kejajar, Kabupaten Wonosobo', '628123459052', '2018', '/images/petani/lelaki.jpeg', 7);
INSERT INTO produk (id, nama, harga, stok, gambar, deskripsi, satuan, keunggulan, cerita, kategori_id, umkm_id, created_at) OVERRIDING SYSTEM VALUE VALUES (228, 'Rengginang Gurih', 24000, 95, '/images/produk/keripik_sukun___kripik_sukun_gurih_lebar_asin_enak_renyah.jpeg', '', '250 gr', '', '', 6, 109, NOW());
INSERT INTO umkm (id, nama, pemilik, alamat, no_hp, sejak, foto, desa_id) OVERRIDING SYSTEM VALUE VALUES (110, 'Carica Tambi', 'Carica Tambi', 'Desa Desa Tambi, Kec. Kejajar, Kabupaten Wonosobo', '628123459053', '2018', '/images/petani/lelakii.jpeg', 7);
INSERT INTO produk (id, nama, harga, stok, gambar, deskripsi, satuan, keunggulan, cerita, kategori_id, umkm_id, created_at) OVERRIDING SYSTEM VALUE VALUES (229, 'Manisan Carica', 35000, 120, '/images/produk/dodol_stroberi.jpg', '', '500 gr', '', '', 10, 110, NOW());
INSERT INTO produk (id, nama, harga, stok, gambar, deskripsi, satuan, keunggulan, cerita, kategori_id, umkm_id, created_at) OVERRIDING SYSTEM VALUE VALUES (230, 'Sirup Carica', 42000, 90, '/images/produk/kakau_sirup.jpeg', '', '600 ml', '', '', 10, 110, NOW());
INSERT INTO produk (id, nama, harga, stok, gambar, deskripsi, satuan, keunggulan, cerita, kategori_id, umkm_id, created_at) OVERRIDING SYSTEM VALUE VALUES (231, 'Dodol Carica', 30000, 80, '/images/produk/dodol_alpukat.jpg', '', '300 gr', '', '', 10, 110, NOW());
INSERT INTO produk (id, nama, harga, stok, gambar, deskripsi, satuan, keunggulan, cerita, kategori_id, umkm_id, created_at) OVERRIDING SYSTEM VALUE VALUES (232, 'Purwaceng Instan', 55000, 60, '/images/produk/minuman_coklat_instan.jpeg', '', '200 gr', '', '', 10, 105, NOW());
INSERT INTO produk (id, nama, harga, stok, gambar, deskripsi, satuan, keunggulan, cerita, kategori_id, umkm_id, created_at) OVERRIDING SYSTEM VALUE VALUES (233, 'Purwaceng Premium', 78000, 45, '/images/produk/madu_kaliandra_premium.jpg', '', '250 gr', '', '', 10, 105, NOW());
INSERT INTO umkm (id, nama, pemilik, alamat, no_hp, sejak, foto, desa_id) OVERRIDING SYSTEM VALUE VALUES (111, 'Rasa Wonosobo', 'Rasa Wonosobo', 'Desa Desa Tambi, Kec. Kejajar, Kabupaten Wonosobo', '628123459054', '2018', '/images/petani/laki.jpeg', 7);
INSERT INTO produk (id, nama, harga, stok, gambar, deskripsi, satuan, keunggulan, cerita, kategori_id, umkm_id, created_at) OVERRIDING SYSTEM VALUE VALUES (234, 'Mie Ongklok Instan', 28000, 100, '/images/produk/minuman_coklat_instan.jpeg', '', '2 porsi', '', '', 10, 111, NOW());
INSERT INTO produk (id, nama, harga, stok, gambar, deskripsi, satuan, keunggulan, cerita, kategori_id, umkm_id, created_at) OVERRIDING SYSTEM VALUE VALUES (235, 'Kopi Purwaceng', 48000, 70, '/images/produk/brownies_kopi.jpg', '', '200 gr', '', '', 10, 105, NOW());
INSERT INTO umkm (id, nama, pemilik, alamat, no_hp, sejak, foto, desa_id) OVERRIDING SYSTEM VALUE VALUES (112, 'Aren Tambi', 'Aren Tambi', 'Desa Desa Tambi, Kec. Kejajar, Kabupaten Wonosobo', '628123459055', '2018', '/images/petani/laki2.jpeg', 7);
INSERT INTO produk (id, nama, harga, stok, gambar, deskripsi, satuan, keunggulan, cerita, kategori_id, umkm_id, created_at) OVERRIDING SYSTEM VALUE VALUES (236, 'Gula Aren Wonosobo', 35000, 95, '/images/produk/dodol_stroberi.jpg', '', '500 gr', '', '', 10, 112, NOW());
INSERT INTO produk (id, nama, harga, stok, gambar, deskripsi, satuan, keunggulan, cerita, kategori_id, umkm_id, created_at) OVERRIDING SYSTEM VALUE VALUES (237, 'Hampers Teh Tambi', 185000, 25, '/images/produk/dodol_stroberi.jpg', '', '1 kg', '', '', 10, 103, NOW());
INSERT INTO produk (id, nama, harga, stok, gambar, deskripsi, satuan, keunggulan, cerita, kategori_id, umkm_id, created_at) OVERRIDING SYSTEM VALUE VALUES (238, 'Gift Box Carica & Teh', 165000, 30, '/images/produk/dodol_stroberi.jpg', '', '900 gr', '', '', 10, 110, NOW());
INSERT INTO umkm (id, nama, pemilik, alamat, no_hp, sejak, foto, desa_id) OVERRIDING SYSTEM VALUE VALUES (113, 'Kriya Tambi', 'Kriya Tambi', 'Desa Desa Tambi, Kec. Kejajar, Kabupaten Wonosobo', '628123459056', '2018', '/images/petani/lakik.jpeg', 7);
INSERT INTO produk (id, nama, harga, stok, gambar, deskripsi, satuan, keunggulan, cerita, kategori_id, umkm_id, created_at) OVERRIDING SYSTEM VALUE VALUES (239, 'Cangkir Keramik Tambi', 48000, 55, '/images/produk/keranjang_bambu.jpg', '', '1 pcs', '', '', 4, 113, NOW());
INSERT INTO produk (id, nama, harga, stok, gambar, deskripsi, satuan, keunggulan, cerita, kategori_id, umkm_id, created_at) OVERRIDING SYSTEM VALUE VALUES (240, 'Tatakan Gelas Kayu', 35000, 70, '/images/produk/lampu_hias_kayu.jpg', '', '1 set', '', '', 4, 113, NOW());
INSERT INTO produk (id, nama, harga, stok, gambar, deskripsi, satuan, keunggulan, cerita, kategori_id, umkm_id, created_at) OVERRIDING SYSTEM VALUE VALUES (241, 'Keranjang Anyaman Bambu', 85000, 40, '/images/produk/keranjang_anyaman_bambu.jpg', '', '1 pcs', '', '', 4, 113, NOW());
INSERT INTO produk (id, nama, harga, stok, gambar, deskripsi, satuan, keunggulan, cerita, kategori_id, umkm_id, created_at) OVERRIDING SYSTEM VALUE VALUES (242, 'Tote Bag Motif Teh', 68000, 50, '/images/produk/kain_motif_batik.jpeg', '', '1 pcs', '', '', 4, 113, NOW());
INSERT INTO umkm (id, nama, pemilik, alamat, no_hp, sejak, foto, desa_id) OVERRIDING SYSTEM VALUE VALUES (114, 'Rajut Tambi', 'Rajut Tambi', 'Desa Desa Tambi, Kec. Kejajar, Kabupaten Wonosobo', '628123459057', '2018', '/images/petani/lakikk.jpeg', 7);
INSERT INTO produk (id, nama, harga, stok, gambar, deskripsi, satuan, keunggulan, cerita, kategori_id, umkm_id, created_at) OVERRIDING SYSTEM VALUE VALUES (243, 'Topi Rajut', 55000, 45, '/images/produk/keranjang_bambu.jpg', '', '1 pcs', '', '', 4, 114, NOW());
INSERT INTO produk (id, nama, harga, stok, gambar, deskripsi, satuan, keunggulan, cerita, kategori_id, umkm_id, created_at) OVERRIDING SYSTEM VALUE VALUES (244, 'Syal Rajut', 72000, 35, '/images/produk/keranjang_bambu.jpg', '', '1 pcs', '', '', 4, 114, NOW());
INSERT INTO produk (id, nama, harga, stok, gambar, deskripsi, satuan, keunggulan, cerita, kategori_id, umkm_id, created_at) OVERRIDING SYSTEM VALUE VALUES (245, 'Miniatur Kebun Teh', 65000, 30, '/images/produk/keranjang_bambu.jpg', '', '1 pcs', '', '', 4, 113, NOW());
INSERT INTO produk (id, nama, harga, stok, gambar, deskripsi, satuan, keunggulan, cerita, kategori_id, umkm_id, created_at) OVERRIDING SYSTEM VALUE VALUES (246, 'Gantungan Kunci Daun Teh', 18000, 120, '/images/produk/daun_bawang.jpg', '', '1 pcs', '', '', 4, 113, NOW());
INSERT INTO desa (id, nama_desa, kecamatan, kabupaten, latitude, longitude, deskripsi) OVERRIDING SYSTEM VALUE VALUES (8, 'Desa Ngadas', 'Poncokusumo', 'Kabupaten Malang', -7.9822, 112.9012, 'Desa Ngadas di lereng Gunung Bromo, Malang, Jawa Timur, pada ketinggian 2.000 mdpl. Sentra pertanian dataran tinggi menghasilkan kentang, wortel, kubis, dan sayuran organik berkualitas.');
INSERT INTO umkm (id, nama, pemilik, alamat, no_hp, sejak, foto, desa_id) OVERRIDING SYSTEM VALUE VALUES (115, 'Tani Tengger', 'Tani Tengger', 'Desa Desa Ngadas, Kec. Poncokusumo, Kabupaten Malang', '628123459058', '2018', '/images/petani/lakilaki.jpeg', 8);
INSERT INTO produk (id, nama, harga, stok, gambar, deskripsi, satuan, keunggulan, cerita, kategori_id, umkm_id, created_at) OVERRIDING SYSTEM VALUE VALUES (247, 'Kentang Granola Premium', 24000, 180, '/images/produk/kentang_beku.jpg', '', '1 kg', '', '', 1, 115, NOW());
INSERT INTO produk (id, nama, harga, stok, gambar, deskripsi, satuan, keunggulan, cerita, kategori_id, umkm_id, created_at) OVERRIDING SYSTEM VALUE VALUES (248, 'Kentang Organik', 28000, 120, '/images/produk/kentang_beku.jpg', '', '1 kg', '', '', 1, 115, NOW());
INSERT INTO umkm (id, nama, pemilik, alamat, no_hp, sejak, foto, desa_id) OVERRIDING SYSTEM VALUE VALUES (116, 'Agro Ngadas', 'Agro Ngadas', 'Desa Desa Ngadas, Kec. Poncokusumo, Kabupaten Malang', '628123459059', '2018', '/images/petani/lakiiii.jpeg', 8);
INSERT INTO produk (id, nama, harga, stok, gambar, deskripsi, satuan, keunggulan, cerita, kategori_id, umkm_id, created_at) OVERRIDING SYSTEM VALUE VALUES (249, 'Wortel Manis', 18000, 150, '/images/produk/jus_wortel.jpg', '', '1 kg', '', '', 1, 116, NOW());
INSERT INTO produk (id, nama, harga, stok, gambar, deskripsi, satuan, keunggulan, cerita, kategori_id, umkm_id, created_at) OVERRIDING SYSTEM VALUE VALUES (250, 'Kubis Hijau', 15000, 170, '/images/produk/kubis.jpg', '', '1 kg', '', '', 1, 116, NOW());
INSERT INTO produk (id, nama, harga, stok, gambar, deskripsi, satuan, keunggulan, cerita, kategori_id, umkm_id, created_at) OVERRIDING SYSTEM VALUE VALUES (251, 'Kubis Ungu', 22000, 85, '/images/produk/kubis.jpg', '', '1 kg', '', '', 1, 116, NOW());
INSERT INTO umkm (id, nama, pemilik, alamat, no_hp, sejak, foto, desa_id) OVERRIDING SYSTEM VALUE VALUES (117, 'Sayur Lestari', 'Sayur Lestari', 'Desa Desa Ngadas, Kec. Poncokusumo, Kabupaten Malang', '628123459060', '2018', '/images/petani/prmpuan.jpeg', 8);
INSERT INTO produk (id, nama, harga, stok, gambar, deskripsi, satuan, keunggulan, cerita, kategori_id, umkm_id, created_at) OVERRIDING SYSTEM VALUE VALUES (252, 'Daun Bawang Segar', 16000, 130, '/images/produk/daun_bawang.jpg', '', '500 gr', '', '', 1, 117, NOW());
INSERT INTO produk (id, nama, harga, stok, gambar, deskripsi, satuan, keunggulan, cerita, kategori_id, umkm_id, created_at) OVERRIDING SYSTEM VALUE VALUES (253, 'Brokoli Organik', 28000, 90, '/images/produk/brokoli_organik.jpg', '', '500 gr', '', '', 1, 117, NOW());
INSERT INTO produk (id, nama, harga, stok, gambar, deskripsi, satuan, keunggulan, cerita, kategori_id, umkm_id, created_at) OVERRIDING SYSTEM VALUE VALUES (254, 'Selada Keriting', 20000, 110, '/images/produk/selada_romaine.jpg', '', '250 gr', '', '', 1, 117, NOW());
INSERT INTO produk (id, nama, harga, stok, gambar, deskripsi, satuan, keunggulan, cerita, kategori_id, umkm_id, created_at) OVERRIDING SYSTEM VALUE VALUES (255, 'Pakcoy Organik', 18000, 120, '/images/produk/pakcoy_organik.jpg', '', '250 gr', '', '', 1, 116, NOW());
INSERT INTO produk (id, nama, harga, stok, gambar, deskripsi, satuan, keunggulan, cerita, kategori_id, umkm_id, created_at) OVERRIDING SYSTEM VALUE VALUES (256, 'Lobak Putih', 15000, 80, '/images/produk/alpukat_mentega.jpg', '', '1 kg', '', '', 1, 115, NOW());
INSERT INTO produk (id, nama, harga, stok, gambar, deskripsi, satuan, keunggulan, cerita, kategori_id, umkm_id, created_at) OVERRIDING SYSTEM VALUE VALUES (257, 'Bayam Hijau', 12000, 150, '/images/produk/bayam_hijau.jpg', '', '250 gr', '', '', 5, 117, NOW());
INSERT INTO produk (id, nama, harga, stok, gambar, deskripsi, satuan, keunggulan, cerita, kategori_id, umkm_id, created_at) OVERRIDING SYSTEM VALUE VALUES (258, 'Sawi Putih', 14000, 120, '/images/produk/sawi_hijau.jpg', '', '500 gr', '', '', 5, 116, NOW());
INSERT INTO produk (id, nama, harga, stok, gambar, deskripsi, satuan, keunggulan, cerita, kategori_id, umkm_id, created_at) OVERRIDING SYSTEM VALUE VALUES (259, 'Kailan Organik', 22000, 85, '/images/produk/brokoli_organik.jpg', '', '250 gr', '', '', 5, 117, NOW());
INSERT INTO umkm (id, nama, pemilik, alamat, no_hp, sejak, foto, desa_id) OVERRIDING SYSTEM VALUE VALUES (118, 'Tani Makmur', 'Tani Makmur', 'Desa Desa Ngadas, Kec. Poncokusumo, Kabupaten Malang', '628123459061', '2018', '/images/petani/laki-laki.jpeg', 8);
INSERT INTO produk (id, nama, harga, stok, gambar, deskripsi, satuan, keunggulan, cerita, kategori_id, umkm_id, created_at) OVERRIDING SYSTEM VALUE VALUES (260, 'Buncis Segar', 19000, 100, '/images/produk/brokoli_segar.jpg', '', '500 gr', '', '', 5, 118, NOW());
INSERT INTO produk (id, nama, harga, stok, gambar, deskripsi, satuan, keunggulan, cerita, kategori_id, umkm_id, created_at) OVERRIDING SYSTEM VALUE VALUES (261, 'Seledri', 10000, 150, '/images/produk/seledri.jpg', '', '100 gr', '', '', 5, 116, NOW());
INSERT INTO produk (id, nama, harga, stok, gambar, deskripsi, satuan, keunggulan, cerita, kategori_id, umkm_id, created_at) OVERRIDING SYSTEM VALUE VALUES (262, 'Daun Mint', 15000, 75, '/images/produk/daun_bawang.jpg', '', '100 gr', '', '', 5, 117, NOW());
INSERT INTO produk (id, nama, harga, stok, gambar, deskripsi, satuan, keunggulan, cerita, kategori_id, umkm_id, created_at) OVERRIDING SYSTEM VALUE VALUES (263, 'Peterseli', 14000, 60, '/images/produk/bayam_hijau.jpg', '', '100 gr', '', '', 5, 116, NOW());
INSERT INTO produk (id, nama, harga, stok, gambar, deskripsi, satuan, keunggulan, cerita, kategori_id, umkm_id, created_at) OVERRIDING SYSTEM VALUE VALUES (264, 'Cabai Rawit Hijau', 32000, 70, '/images/produk/cabai_merah.jpg', '', '250 gr', '', '', 5, 115, NOW());
INSERT INTO umkm (id, nama, pemilik, alamat, no_hp, sejak, foto, desa_id) OVERRIDING SYSTEM VALUE VALUES (119, 'Dapur Ngadas', 'Dapur Ngadas', 'Desa Desa Ngadas, Kec. Poncokusumo, Kabupaten Malang', '628123459062', '2018', '/images/petani/lelaki.jpeg', 8);
INSERT INTO produk (id, nama, harga, stok, gambar, deskripsi, satuan, keunggulan, cerita, kategori_id, umkm_id, created_at) OVERRIDING SYSTEM VALUE VALUES (265, 'Keripik Kentang Original', 26000, 120, '/images/produk/keripik_kentang.jpg', '', '200 gr', '', '', 6, 119, NOW());
INSERT INTO produk (id, nama, harga, stok, gambar, deskripsi, satuan, keunggulan, cerita, kategori_id, umkm_id, created_at) OVERRIDING SYSTEM VALUE VALUES (266, 'Keripik Kentang Balado', 28000, 95, '/images/produk/keripik_kentang.jpg', '', '200 gr', '', '', 6, 119, NOW());
INSERT INTO umkm (id, nama, pemilik, alamat, no_hp, sejak, foto, desa_id) OVERRIDING SYSTEM VALUE VALUES (120, 'UMKM Tengger', 'UMKM Tengger', 'Desa Desa Ngadas, Kec. Poncokusumo, Kabupaten Malang', '628123459063', '2018', '/images/petani/lelakii.jpeg', 8);
INSERT INTO produk (id, nama, harga, stok, gambar, deskripsi, satuan, keunggulan, cerita, kategori_id, umkm_id, created_at) OVERRIDING SYSTEM VALUE VALUES (267, 'Keripik Wortel', 24000, 90, '/images/produk/keripik_wortel.jpg', '', '180 gr', '', '', 6, 120, NOW());
INSERT INTO produk (id, nama, harga, stok, gambar, deskripsi, satuan, keunggulan, cerita, kategori_id, umkm_id, created_at) OVERRIDING SYSTEM VALUE VALUES (268, 'Keripik Kubis', 22000, 85, '/images/produk/kubis.jpg', '', '180 gr', '', '', 6, 120, NOW());
INSERT INTO produk (id, nama, harga, stok, gambar, deskripsi, satuan, keunggulan, cerita, kategori_id, umkm_id, created_at) OVERRIDING SYSTEM VALUE VALUES (269, 'Stik Kentang', 30000, 75, '/images/produk/kentang_beku.jpg', '', '250 gr', '', '', 6, 119, NOW());
INSERT INTO produk (id, nama, harga, stok, gambar, deskripsi, satuan, keunggulan, cerita, kategori_id, umkm_id, created_at) OVERRIDING SYSTEM VALUE VALUES (270, 'Kerupuk Sayur', 20000, 110, '/images/produk/keripik_singkong.jpg', '', '200 gr', '', '', 6, 119, NOW());
INSERT INTO umkm (id, nama, pemilik, alamat, no_hp, sejak, foto, desa_id) OVERRIDING SYSTEM VALUE VALUES (121, 'Cemilan Tengger', 'Cemilan Tengger', 'Desa Desa Ngadas, Kec. Poncokusumo, Kabupaten Malang', '628123459064', '2018', '/images/petani/laki.jpeg', 8);
INSERT INTO produk (id, nama, harga, stok, gambar, deskripsi, satuan, keunggulan, cerita, kategori_id, umkm_id, created_at) OVERRIDING SYSTEM VALUE VALUES (271, 'Kacang Bawang', 24000, 100, '/images/produk/daun_bawang.jpg', '', '250 gr', '', '', 6, 121, NOW());
INSERT INTO produk (id, nama, harga, stok, gambar, deskripsi, satuan, keunggulan, cerita, kategori_id, umkm_id, created_at) OVERRIDING SYSTEM VALUE VALUES (272, 'Keripik Jamur', 29000, 80, '/images/produk/keripik_bayam.jpg', '', '180 gr', '', '', 6, 121, NOW());
INSERT INTO umkm (id, nama, pemilik, alamat, no_hp, sejak, foto, desa_id) OVERRIDING SYSTEM VALUE VALUES (122, 'Oleh-Oleh Bromo', 'Oleh-Oleh Bromo', 'Desa Desa Ngadas, Kec. Poncokusumo, Kabupaten Malang', '628123459065', '2018', '/images/petani/laki2.jpeg', 8);
INSERT INTO produk (id, nama, harga, stok, gambar, deskripsi, satuan, keunggulan, cerita, kategori_id, umkm_id, created_at) OVERRIDING SYSTEM VALUE VALUES (273, 'Keripik Apel Malang', 28000, 120, '/images/produk/keripik_bayam.jpg', '', '200 gr', '', '', 10, 122, NOW());
INSERT INTO produk (id, nama, harga, stok, gambar, deskripsi, satuan, keunggulan, cerita, kategori_id, umkm_id, created_at) OVERRIDING SYSTEM VALUE VALUES (274, 'Sari Apel', 35000, 90, '/images/produk/dodol_stroberi.jpg', '', '500 ml', '', '', 10, 122, NOW());
INSERT INTO umkm (id, nama, pemilik, alamat, no_hp, sejak, foto, desa_id) OVERRIDING SYSTEM VALUE VALUES (123, 'Rasa Malang', 'Rasa Malang', 'Desa Desa Ngadas, Kec. Poncokusumo, Kabupaten Malang', '628123459066', '2018', '/images/petani/lakik.jpeg', 8);
INSERT INTO produk (id, nama, harga, stok, gambar, deskripsi, satuan, keunggulan, cerita, kategori_id, umkm_id, created_at) OVERRIDING SYSTEM VALUE VALUES (275, 'Pia Mangkok', 42000, 75, '/images/produk/dodol_stroberi.jpg', '', '10 pcs', '', '', 10, 123, NOW());
INSERT INTO produk (id, nama, harga, stok, gambar, deskripsi, satuan, keunggulan, cerita, kategori_id, umkm_id, created_at) OVERRIDING SYSTEM VALUE VALUES (276, 'Apel Manalagi', 38000, 85, '/images/produk/dodol_stroberi.jpg', '', '1 kg', '', '', 10, 116, NOW());
INSERT INTO produk (id, nama, harga, stok, gambar, deskripsi, satuan, keunggulan, cerita, kategori_id, umkm_id, created_at) OVERRIDING SYSTEM VALUE VALUES (277, 'Jenang Apel', 32000, 60, '/images/produk/dodol_stroberi.jpg', '', '300 gr', '', '', 10, 123, NOW());
INSERT INTO produk (id, nama, harga, stok, gambar, deskripsi, satuan, keunggulan, cerita, kategori_id, umkm_id, created_at) OVERRIDING SYSTEM VALUE VALUES (278, 'Sambal Bawang Tengger', 30000, 100, '/images/produk/daun_bawang.jpg', '', '250 gr', '', '', 10, 119, NOW());
INSERT INTO produk (id, nama, harga, stok, gambar, deskripsi, satuan, keunggulan, cerita, kategori_id, umkm_id, created_at) OVERRIDING SYSTEM VALUE VALUES (279, 'Abon Jamur', 42000, 70, '/images/produk/dodol_stroberi.jpg', '', '200 gr', '', '', 10, 120, NOW());
INSERT INTO umkm (id, nama, pemilik, alamat, no_hp, sejak, foto, desa_id) OVERRIDING SYSTEM VALUE VALUES (124, 'Sehat Alam', 'Sehat Alam', 'Desa Desa Ngadas, Kec. Poncokusumo, Kabupaten Malang', '628123459067', '2018', '/images/petani/lakikk.jpeg', 8);
INSERT INTO produk (id, nama, harga, stok, gambar, deskripsi, satuan, keunggulan, cerita, kategori_id, umkm_id, created_at) OVERRIDING SYSTEM VALUE VALUES (280, 'Teh Herbal Pegunungan', 38000, 55, '/images/produk/honey_lemon_herbal.jpg', '', '200 gr', '', '', 10, 124, NOW());
INSERT INTO produk (id, nama, harga, stok, gambar, deskripsi, satuan, keunggulan, cerita, kategori_id, umkm_id, created_at) OVERRIDING SYSTEM VALUE VALUES (281, 'Wedang Jahe Instan', 28000, 80, '/images/produk/wedang_jahe_coklat.jpeg', '', '250 gr', '', '', 10, 124, NOW());
INSERT INTO produk (id, nama, harga, stok, gambar, deskripsi, satuan, keunggulan, cerita, kategori_id, umkm_id, created_at) OVERRIDING SYSTEM VALUE VALUES (282, 'Permen Jahe', 18000, 110, '/images/produk/permen_stroberi.jpg', '', '150 gr', '', '', 10, 124, NOW());
INSERT INTO umkm (id, nama, pemilik, alamat, no_hp, sejak, foto, desa_id) OVERRIDING SYSTEM VALUE VALUES (125, 'Kriya Tengger', 'Kriya Tengger', 'Desa Desa Ngadas, Kec. Poncokusumo, Kabupaten Malang', '628123459068', '2018', '/images/petani/lakilaki.jpeg', 8);
INSERT INTO produk (id, nama, harga, stok, gambar, deskripsi, satuan, keunggulan, cerita, kategori_id, umkm_id, created_at) OVERRIDING SYSTEM VALUE VALUES (283, 'Tas Anyaman Bambu', 95000, 30, '/images/produk/keranjang_anyaman_bambu.jpg', '', '1 pcs', '', '', 4, 125, NOW());
INSERT INTO produk (id, nama, harga, stok, gambar, deskripsi, satuan, keunggulan, cerita, kategori_id, umkm_id, created_at) OVERRIDING SYSTEM VALUE VALUES (284, 'Keranjang Bambu', 85000, 35, '/images/produk/keranjang_bambu.jpg', '', '1 pcs', '', '', 4, 125, NOW());
INSERT INTO produk (id, nama, harga, stok, gambar, deskripsi, satuan, keunggulan, cerita, kategori_id, umkm_id, created_at) OVERRIDING SYSTEM VALUE VALUES (285, 'Tatakan Gelas Kayu', 35000, 60, '/images/produk/lampu_hias_kayu.jpg', '', '1 set', '', '', 4, 125, NOW());
INSERT INTO produk (id, nama, harga, stok, gambar, deskripsi, satuan, keunggulan, cerita, kategori_id, umkm_id, created_at) OVERRIDING SYSTEM VALUE VALUES (286, 'Gantungan Kunci Bromo', 15000, 120, '/images/produk/keranjang_bambu.jpg', '', '1 pcs', '', '', 4, 125, NOW());
INSERT INTO produk (id, nama, harga, stok, gambar, deskripsi, satuan, keunggulan, cerita, kategori_id, umkm_id, created_at) OVERRIDING SYSTEM VALUE VALUES (287, 'Miniatur Gunung Bromo', 65000, 40, '/images/produk/keranjang_bambu.jpg', '', '1 pcs', '', '', 4, 125, NOW());
INSERT INTO produk (id, nama, harga, stok, gambar, deskripsi, satuan, keunggulan, cerita, kategori_id, umkm_id, created_at) OVERRIDING SYSTEM VALUE VALUES (288, 'Mug Motif Tengger', 48000, 55, '/images/produk/kain_motif_batik.jpeg', '', '1 pcs', '', '', 4, 125, NOW());
INSERT INTO umkm (id, nama, pemilik, alamat, no_hp, sejak, foto, desa_id) OVERRIDING SYSTEM VALUE VALUES (126, 'Rajut Ngadas', 'Rajut Ngadas', 'Desa Desa Ngadas, Kec. Poncokusumo, Kabupaten Malang', '628123459069', '2018', '/images/petani/lakiiii.jpeg', 8);
INSERT INTO produk (id, nama, harga, stok, gambar, deskripsi, satuan, keunggulan, cerita, kategori_id, umkm_id, created_at) OVERRIDING SYSTEM VALUE VALUES (289, 'Topi Rajut Handmade', 55000, 45, '/images/produk/keranjang_bambu.jpg', '', '1 pcs', '', '', 4, 126, NOW());
INSERT INTO produk (id, nama, harga, stok, gambar, deskripsi, satuan, keunggulan, cerita, kategori_id, umkm_id, created_at) OVERRIDING SYSTEM VALUE VALUES (290, 'Syal Rajut', 68000, 35, '/images/produk/keranjang_bambu.jpg', '', '1 pcs', '', '', 4, 126, NOW());