TRUNCATE TABLE produk, umkm, kategori, desa RESTART IDENTITY CASCADE;
INSERT INTO kategori (id, nama) OVERRIDING SYSTEM VALUE VALUES (1, 'Pertanian');
INSERT INTO kategori (id, nama) OVERRIDING SYSTEM VALUE VALUES (2, 'Kopi');
INSERT INTO kategori (id, nama) OVERRIDING SYSTEM VALUE VALUES (3, 'Madu');
INSERT INTO kategori (id, nama) OVERRIDING SYSTEM VALUE VALUES (4, 'Kerajinan');
INSERT INTO kategori (id, nama) OVERRIDING SYSTEM VALUE VALUES (5, 'Sayuran');
INSERT INTO kategori (id, nama) OVERRIDING SYSTEM VALUE VALUES (6, 'Snack');
INSERT INTO desa (id, nama_desa, kecamatan, kabupaten, latitude, longitude, deskripsi) OVERRIDING SYSTEM VALUE VALUES (1, 'Desa Sukajaya', 'Sukajaya', 'Kabupaten Bogor', -6.6189, 106.5123, 'Desa Sukajaya merupakan salah satu desa yang berada di Kecamatan Sukajaya, Kabupaten Bogor, Jawa Barat. Desa ini terletak di kawasan perbukitan dengan ketinggian sekitar 700–1.100 meter di atas permukaan laut (mdpl). Lingkungannya masih sangat asri dengan hamparan hutan, perkebunan rakyat, serta lahan pertanian yang luas. Curah hujan yang tinggi, udara yang sejuk dengan suhu rata-rata 20–28°C, serta tanah vulkanik yang subur menjadikan Desa Sukajaya sebagai wilayah yang sangat potensial untuk menghasilkan berbagai komoditas pertanian dan perkebunan berkualitas.');
INSERT INTO umkm (id, nama, pemilik, alamat, no_hp, sejak, desa_id) OVERRIDING SYSTEM VALUE VALUES (1, 'Pak Ahmad Rifa''i – Kelompok Tani Hutan Sukajaya', 'Pak Ahmad Rifa''i – Kelompok Tani Hutan Sukajaya', 'Kp. Cisarua RT 02/RW 04, Desa Sukajaya, Kec. Sukajaya, Kab. Bogor, Jawa Barat 16660', '6281234561101', '2011', 1);
INSERT INTO produk (id, nama, harga, stok, gambar, deskripsi, satuan, keunggulan, cerita, kategori_id, umkm_id, created_at) OVERRIDING SYSTEM VALUE VALUES (1, 'Madu Hutan Sukajaya', 68000, 41, 'https://images.unsplash.com/photo-1587049352846-4a222e784d38?w=600&q=80', 'Madu murni hasil lebah liar dari kawasan hutan Sukajaya.', '250 ml', '100% alami, kaya antioksidan.', 'Lebah mencari nektar dari bunga kaliandra, kopi, dan berbagai tanaman hutan yang tumbuh alami di perbukitan Sukajaya. Proses panen dilakukan secara hati-hati agar koloni lebah tetap lestari. Setiap tetes madu membawa cita rasa khas hutan pegunungan Bogor yang masih terjaga keasriannya.', 3, 1, NOW());
INSERT INTO produk (id, nama, harga, stok, gambar, deskripsi, satuan, keunggulan, cerita, kategori_id, umkm_id, created_at) OVERRIDING SYSTEM VALUE VALUES (2, 'Madu Kaliandra Premium', 125000, 98, 'https://images.unsplash.com/photo-1587049352846-4a222e784d38?w=600&q=80', 'Madu premium dari bunga kaliandra.', '500 ml', 'Aroma floral, kadar air rendah.', 'Saat musim bunga kaliandra mekar, lebah menghasilkan madu dengan aroma bunga yang khas dan rasa manis yang lembut. Varian ini hanya tersedia pada musim tertentu sehingga menjadi produk premium desa.', 3, 1, NOW());
INSERT INTO umkm (id, nama, pemilik, alamat, no_hp, sejak, desa_id) OVERRIDING SYSTEM VALUE VALUES (2, 'UMKM Sukajaya Herbal', 'UMKM Sukajaya Herbal', 'Kp. Sukamaju RT 03/RW 02, Desa Sukajaya, Kec. Sukajaya, Kab. Bogor', '6281234561102', '2020', 1);
INSERT INTO produk (id, nama, harga, stok, gambar, deskripsi, satuan, keunggulan, cerita, kategori_id, umkm_id, created_at) OVERRIDING SYSTEM VALUE VALUES (3, 'Honey Ginger', 42000, 54, 'https://images.unsplash.com/photo-1471193945509-9ad0617afabf?w=600&q=80', 'Minuman madu dan jahe merah.', '300 ml', 'Menghangatkan tubuh.', 'Jahe merah dari kebun warga dipadukan dengan madu hutan sehingga menghasilkan minuman herbal yang menjadi favorit masyarakat saat musim hujan.', 3, 2, NOW());
INSERT INTO produk (id, nama, harga, stok, gambar, deskripsi, satuan, keunggulan, cerita, kategori_id, umkm_id, created_at) OVERRIDING SYSTEM VALUE VALUES (4, 'Honey Lemon', 40000, 51, 'https://images.unsplash.com/photo-1587049352846-4a222e784d38?w=600&q=80', 'Minuman madu lemon segar.', '300 ml', 'Menyegarkan.', 'Lemon segar dan madu alami dipadukan menjadi minuman praktis yang cocok dinikmati kapan saja.', 3, 2, NOW());
INSERT INTO umkm (id, nama, pemilik, alamat, no_hp, sejak, desa_id) OVERRIDING SYSTEM VALUE VALUES (3, 'Pak Budi Santoso', 'Pak Budi Santoso', 'Kp. Pasir Eurih RT 01/RW 03, Desa Sukajaya, Kec. Sukajaya, Kab. Bogor', '6281234561103', '2009', 1);
INSERT INTO produk (id, nama, harga, stok, gambar, deskripsi, satuan, keunggulan, cerita, kategori_id, umkm_id, created_at) OVERRIDING SYSTEM VALUE VALUES (5, 'Kopi Robusta Sukajaya', 58000, 27, 'https://images.unsplash.com/photo-1497935586351-b67a49e012bf?w=600&q=80', 'Kopi robusta khas Sukajaya dengan body kuat.', '250 gr', 'Aroma cokelat dan earthy.', 'Pohon kopi tumbuh di lereng perbukitan dengan naungan pepohonan hutan rakyat. Buah kopi dipanen secara selektif saat matang merah untuk menghasilkan rasa yang lebih seimbang.', 2, 3, NOW());
INSERT INTO produk (id, nama, harga, stok, gambar, deskripsi, satuan, keunggulan, cerita, kategori_id, umkm_id, created_at) OVERRIDING SYSTEM VALUE VALUES (6, 'Robusta Premium', 72000, 75, 'https://images.unsplash.com/photo-1509042239860-f550ce710b93?w=600&q=80', 'Robusta kualitas premium.', '250 gr', 'Specialty Grade.', 'Hanya buah kopi terbaik yang dipilih dan diproses secara teliti sehingga menghasilkan cita rasa yang konsisten.', 2, 3, NOW());
INSERT INTO umkm (id, nama, pemilik, alamat, no_hp, sejak, desa_id) OVERRIDING SYSTEM VALUE VALUES (4, 'UMKM Sukajaya Coffee', 'UMKM Sukajaya Coffee', 'Kp. Sukahurip RT 05/RW 01, Desa Sukajaya, Kec. Sukajaya, Kab. Bogor', '6281234561104', '2018', 1);
INSERT INTO produk (id, nama, harga, stok, gambar, deskripsi, satuan, keunggulan, cerita, kategori_id, umkm_id, created_at) OVERRIDING SYSTEM VALUE VALUES (7, 'Drip Bag Coffee', 48000, 41, 'https://images.unsplash.com/photo-1497935586351-b67a49e012bf?w=600&q=80', 'Kopi seduh praktis.', '10 sachet', 'Fresh roasted.', 'Biji kopi dipanggang dalam jumlah kecil agar aroma tetap segar sebelum dikemas menjadi drip bag.', 2, 4, NOW());
INSERT INTO produk (id, nama, harga, stok, gambar, deskripsi, satuan, keunggulan, cerita, kategori_id, umkm_id, created_at) OVERRIDING SYSTEM VALUE VALUES (8, 'Kopi Bubuk Tradisional', 40000, 61, 'https://images.unsplash.com/photo-1509042239860-f550ce710b93?w=600&q=80', 'Kopi bubuk sangrai tradisional.', '200 gr', 'Disangrai menggunakan tungku kayu.', 'Proses sangrai tradisional menggunakan kayu bakar memberikan aroma khas yang menjadi ciri kopi desa ini.', 2, 4, NOW());
INSERT INTO umkm (id, nama, pemilik, alamat, no_hp, sejak, desa_id) OVERRIDING SYSTEM VALUE VALUES (5, 'Pak Darman', 'Pak Darman', 'Kp. Cileuksa RT 04/RW 05, Desa Sukajaya, Kec. Sukajaya, Kab. Bogor', '6281234561105', '2012', 1);
INSERT INTO produk (id, nama, harga, stok, gambar, deskripsi, satuan, keunggulan, cerita, kategori_id, umkm_id, created_at) OVERRIDING SYSTEM VALUE VALUES (9, 'Alpukat Sukajaya', 35000, 56, 'https://images.unsplash.com/photo-1615485290382-441e4d049cb5?w=600&q=80', 'Alpukat mentega berkualitas.', '1 kg', 'Daging tebal, gurih.', 'Alpukat tumbuh subur di tanah pegunungan dengan curah hujan tinggi sehingga menghasilkan buah berukuran besar dan tekstur lembut.', 1, 5, NOW());
INSERT INTO produk (id, nama, harga, stok, gambar, deskripsi, satuan, keunggulan, cerita, kategori_id, umkm_id, created_at) OVERRIDING SYSTEM VALUE VALUES (10, 'Pisang Raja', 30000, 112, 'https://images.unsplash.com/photo-1523348837708-15d4a09cfac2?w=600&q=80', 'Pisang lokal.', '1 sisir', 'Manis alami.', 'Pisang ditanam secara tumpang sari bersama tanaman kopi sehingga lahan tetap produktif sepanjang tahun.', 1, 5, NOW());
INSERT INTO umkm (id, nama, pemilik, alamat, no_hp, sejak, desa_id) OVERRIDING SYSTEM VALUE VALUES (6, 'Ibu Sulastri', 'Ibu Sulastri', 'Kp. Citeko RT 03/RW 01, Desa Tugu Utara', '6281234561206', '2016', 1);
INSERT INTO produk (id, nama, harga, stok, gambar, deskripsi, satuan, keunggulan, cerita, kategori_id, umkm_id, created_at) OVERRIDING SYSTEM VALUE VALUES (11, 'Singkong Organik', 15000, 105, 'https://images.unsplash.com/photo-1615485290382-441e4d049cb5?w=600&q=80', 'Singkong tanpa pupuk kimia.', '1 kg', 'Tekstur pulen.', 'Singkong menjadi bahan baku berbagai makanan khas yang diproduksi oleh UMKM desa.', 1, 6, NOW());
INSERT INTO produk (id, nama, harga, stok, gambar, deskripsi, satuan, keunggulan, cerita, kategori_id, umkm_id, created_at) OVERRIDING SYSTEM VALUE VALUES (12, 'Jagung Manis', 18000, 106, 'https://images.unsplash.com/photo-1523348837708-15d4a09cfac2?w=600&q=80', 'Jagung segar.', '1 kg', 'Dipanen muda.', 'Jagung dipanen pada usia optimal agar rasa manisnya tetap terjaga.', 1, 6, NOW());
INSERT INTO umkm (id, nama, pemilik, alamat, no_hp, sejak, desa_id) OVERRIDING SYSTEM VALUE VALUES (7, 'Pak Rudi Hidayat', 'Pak Rudi Hidayat', 'Kp. Sukamaju RT 02/RW 07, Desa Sukajaya, Kec. Sukajaya, Kab. Bogor', '6281234561107', '2015', 1);
INSERT INTO produk (id, nama, harga, stok, gambar, deskripsi, satuan, keunggulan, cerita, kategori_id, umkm_id, created_at) OVERRIDING SYSTEM VALUE VALUES (13, 'Pakcoy Organik', 12000, 116, 'https://images.unsplash.com/photo-1574316071802-0d684efa7bf5?w=600&q=80', 'Pakcoy segar organik.', '250 gr', 'Renyah dan segar.', 'Ditanam menggunakan pupuk kompos buatan sendiri sehingga menghasilkan sayuran yang lebih alami.', 5, 7, NOW());
INSERT INTO produk (id, nama, harga, stok, gambar, deskripsi, satuan, keunggulan, cerita, kategori_id, umkm_id, created_at) OVERRIDING SYSTEM VALUE VALUES (14, 'Kangkung', 10000, 91, 'https://images.unsplash.com/photo-1540420773420-3366772f4999?w=600&q=80', 'Kangkung segar.', '250 gr', 'Dipanen setiap pagi.', 'Air pegunungan yang bersih menjadi sumber irigasi utama lahan sayuran.', 5, 7, NOW());
INSERT INTO produk (id, nama, harga, stok, gambar, deskripsi, satuan, keunggulan, cerita, kategori_id, umkm_id, created_at) OVERRIDING SYSTEM VALUE VALUES (15, 'Bayam Hijau', 12000, 53, 'https://images.unsplash.com/photo-1574316071802-0d684efa7bf5?w=600&q=80', 'Bayam segar.', '250 gr', 'Kaya zat besi.', 'Udara sejuk membantu daun tumbuh lebih segar dan lebar.', 5, 7, NOW());
INSERT INTO umkm (id, nama, pemilik, alamat, no_hp, sejak, desa_id) OVERRIDING SYSTEM VALUE VALUES (8, 'Ibu Nani Rahmawati', 'Ibu Nani Rahmawati', 'Kp. Cibening RT 03/RW 04, Desa Sukajaya, Kec. Sukajaya, Kab. Bogor', '6281234561108', '2017', 1);
INSERT INTO produk (id, nama, harga, stok, gambar, deskripsi, satuan, keunggulan, cerita, kategori_id, umkm_id, created_at) OVERRIDING SYSTEM VALUE VALUES (16, 'Cabai Merah', 22000, 69, 'https://images.unsplash.com/photo-1615485290382-441e4d049cb5?w=600&q=80', 'Cabai segar lokal.', '250 gr', 'Pedas alami.', 'Cabai ditanam tanpa penyemprotan berlebihan sehingga kualitas dan rasanya tetap alami.', 1, 8, NOW());
INSERT INTO umkm (id, nama, pemilik, alamat, no_hp, sejak, desa_id) OVERRIDING SYSTEM VALUE VALUES (9, 'Pak Ujang Supriatna', 'Pak Ujang Supriatna', 'Kp. Sukajadi RT 01/RW 02, Desa Sukajaya, Kec. Sukajaya, Kab. Bogor', '6281234561109', '2007', 1);
INSERT INTO produk (id, nama, harga, stok, gambar, deskripsi, satuan, keunggulan, cerita, kategori_id, umkm_id, created_at) OVERRIDING SYSTEM VALUE VALUES (17, 'Keranjang Anyaman Bambu', 65000, 110, 'https://images.unsplash.com/photo-1606744824163-985d376605aa?w=600&q=80', 'Keranjang serbaguna.', 'pcs', 'Handmade.', 'Bambu berasal dari kebun warga dan dianyam menggunakan teknik tradisional yang diwariskan secara turun-temurun.', 4, 9, NOW());
INSERT INTO produk (id, nama, harga, stok, gambar, deskripsi, satuan, keunggulan, cerita, kategori_id, umkm_id, created_at) OVERRIDING SYSTEM VALUE VALUES (18, 'Rak Bambu', 135000, 67, 'https://images.unsplash.com/photo-1606744824163-985d376605aa?w=600&q=80', 'Rak dekorasi.', 'pcs', 'Ramah lingkungan.', 'Produk dibuat tanpa mesin besar sehingga setiap rak memiliki karakter unik dari serat bambu alami.', 4, 9, NOW());
INSERT INTO umkm (id, nama, pemilik, alamat, no_hp, sejak, desa_id) OVERRIDING SYSTEM VALUE VALUES (10, 'UMKM Kayu Sukajaya', 'UMKM Kayu Sukajaya', 'Kp. Sukajaya RT 05/RW 03, Desa Sukajaya, Kec. Sukajaya, Kab. Bogor', '6281234561110', '2019', 1);
INSERT INTO produk (id, nama, harga, stok, gambar, deskripsi, satuan, keunggulan, cerita, kategori_id, umkm_id, created_at) OVERRIDING SYSTEM VALUE VALUES (19, 'Talenan Kayu', 55000, 67, 'https://images.unsplash.com/photo-1531835551805-16d864c8d311?w=600&q=80', 'Talenan kayu mahoni.', 'pcs', 'Awet dan kuat.', 'Kayu berasal dari hutan rakyat yang dikelola secara lestari sehingga tetap menjaga keseimbangan lingkungan.', 4, 10, NOW());
INSERT INTO produk (id, nama, harga, stok, gambar, deskripsi, satuan, keunggulan, cerita, kategori_id, umkm_id, created_at) OVERRIDING SYSTEM VALUE VALUES (20, 'Tempat Pensil Bambu', 35000, 42, 'https://images.unsplash.com/photo-1531835551805-16d864c8d311?w=600&q=80', 'Kerajinan bambu.', 'pcs', 'Handmade.', 'Setiap produk dibuat langsung oleh pemuda desa sebagai bagian dari pemberdayaan ekonomi lokal.', 4, 10, NOW());
INSERT INTO umkm (id, nama, pemilik, alamat, no_hp, sejak, desa_id) OVERRIDING SYSTEM VALUE VALUES (11, 'UMKM Rasa Sukajaya', 'UMKM Rasa Sukajaya', 'Kp. Cileuksa RT 02/RW 01, Desa Sukajaya, Kec. Sukajaya, Kab. Bogor', '6281234561111', '2018', 1);
INSERT INTO produk (id, nama, harga, stok, gambar, deskripsi, satuan, keunggulan, cerita, kategori_id, umkm_id, created_at) OVERRIDING SYSTEM VALUE VALUES (21, 'Keripik Singkong', 18000, 57, 'https://images.unsplash.com/photo-1599490659213-e2b9527b0876?w=600&q=80', 'Keripik singkong renyah.', '200 gr', 'Tanpa pengawet.', 'Singkong hasil panen warga diolah pada hari yang sama agar menghasilkan tekstur renyah dan rasa yang lebih gurih.', 6, 11, NOW());
INSERT INTO produk (id, nama, harga, stok, gambar, deskripsi, satuan, keunggulan, cerita, kategori_id, umkm_id, created_at) OVERRIDING SYSTEM VALUE VALUES (22, 'Keripik Pisang', 22000, 73, 'https://images.unsplash.com/photo-1599490659213-e2b9527b0876?w=600&q=80', 'Keripik pisang.', '200 gr', 'Pisang lokal pilihan.', 'Pisang yang matang sempurna diolah menjadi camilan sehingga hasil panen memiliki nilai jual lebih tinggi.', 6, 11, NOW());
INSERT INTO umkm (id, nama, pemilik, alamat, no_hp, sejak, desa_id) OVERRIDING SYSTEM VALUE VALUES (12, 'UMKM Cita Rasa Desa', 'UMKM Cita Rasa Desa', 'Kp. Sukahurip RT 03/RW 05, Desa Sukajaya, Kec. Sukajaya, Kab. Bogor', '6281234561112', '2021', 1);
INSERT INTO produk (id, nama, harga, stok, gambar, deskripsi, satuan, keunggulan, cerita, kategori_id, umkm_id, created_at) OVERRIDING SYSTEM VALUE VALUES (23, 'Dodol Alpukat', 35000, 81, 'https://images.unsplash.com/photo-1509440159596-0249088772ff?w=600&q=80', 'Dodol berbahan alpukat.', '250 gr', 'Inovasi khas Sukajaya.', 'Berawal dari melimpahnya panen alpukat, warga menciptakan dodol alpukat sebagai produk unik yang memadukan resep tradisional dengan buah lokal.', 6, 12, NOW());
INSERT INTO produk (id, nama, harga, stok, gambar, deskripsi, satuan, keunggulan, cerita, kategori_id, umkm_id, created_at) OVERRIDING SYSTEM VALUE VALUES (24, 'Cookies Kopi Sukajaya', 32000, 42, 'https://images.unsplash.com/photo-1497935586351-b67a49e012bf?w=600&q=80', 'Kue kering dengan bubuk kopi robusta.', '180 gr', 'Aroma kopi khas Sukajaya.', 'Cookies ini dibuat menggunakan kopi robusta lokal yang disangrai sendiri oleh petani sehingga menghadirkan aroma kopi yang kuat dalam setiap gigitan.', 2, 12, NOW());
INSERT INTO desa (id, nama_desa, kecamatan, kabupaten, latitude, longitude, deskripsi) OVERRIDING SYSTEM VALUE VALUES (2, 'Desa Tugu Utara', 'Cisarua', 'Kabupaten Bogor', -6.7023, 106.9512, 'Desa Tugu Utara terletak di kawasan Kecamatan Cisarua, Kabupaten Bogor, Jawa Barat, tepat di lereng Gunung Gede Pangrango dengan ketinggian sekitar 900–1.500 mdpl. Desa ini memiliki suhu rata-rata 18–24°C sepanjang tahun, udara yang sejuk, curah hujan tinggi, serta tanah vulkanik yang sangat subur. Kondisi alam tersebut menjadikan Desa Tugu Utara sebagai salah satu sentra pertanian hortikultura, perkebunan kopi, dan budidaya lebah madu di kawasan Puncak Bogor.');
INSERT INTO umkm (id, nama, pemilik, alamat, no_hp, sejak, desa_id) OVERRIDING SYSTEM VALUE VALUES (13, 'Pak Hendra Gunawan – Kelompok Tani Lebah Gunung Lestari', 'Pak Hendra Gunawan – Kelompok Tani Lebah Gunung Lestari', 'Kp. Gunung Mas RT 02/RW 03, Desa Tugu Utara, Kec. Cisarua, Kab. Bogor', '6281234561201', '2011', 2);
INSERT INTO produk (id, nama, harga, stok, gambar, deskripsi, satuan, keunggulan, cerita, kategori_id, umkm_id, created_at) OVERRIDING SYSTEM VALUE VALUES (25, 'Madu Kaliandra Tugu', 68000, 72, 'https://images.unsplash.com/photo-1471193945509-9ad0617afabf?w=600&q=80', 'Madu murni dari bunga Kaliandra yang tumbuh di lereng Puncak.', '250 ml', 'Aroma harum, kaya antioksidan.', 'Lebah mengumpulkan nektar dari ribuan bunga Kaliandra yang tumbuh di kawasan pegunungan Puncak. Udara yang bersih dan minim polusi menghasilkan madu dengan aroma bunga yang khas serta rasa manis alami. Setiap panen dilakukan secara hati-hati agar koloni lebah tetap terjaga.', 3, 13, NOW());
INSERT INTO produk (id, nama, harga, stok, gambar, deskripsi, satuan, keunggulan, cerita, kategori_id, umkm_id, created_at) OVERRIDING SYSTEM VALUE VALUES (26, 'Madu Multiflora Puncak', 120000, 29, 'https://images.unsplash.com/photo-1471193945509-9ad0617afabf?w=600&q=80', 'Madu dari berbagai bunga hutan pegunungan.', '500 ml', 'Rasa lebih kompleks.', 'Setiap musim berbunga menghasilkan karakter rasa yang berbeda sehingga tidak ada dua panen madu yang benar-benar sama. Inilah yang membuat madu multiflora menjadi favorit pecinta madu alami.', 3, 13, NOW());
INSERT INTO umkm (id, nama, pemilik, alamat, no_hp, sejak, desa_id) OVERRIDING SYSTEM VALUE VALUES (14, 'UMKM Gunung Sehat', 'UMKM Gunung Sehat', 'Jl. Raya Puncak KM 84, Desa Tugu Utara, Kec. Cisarua', '6281234561202', '2019', 2);
INSERT INTO produk (id, nama, harga, stok, gambar, deskripsi, satuan, keunggulan, cerita, kategori_id, umkm_id, created_at) OVERRIDING SYSTEM VALUE VALUES (27, 'Honey Lemon Herbal', 42000, 37, 'https://images.unsplash.com/photo-1587049352846-4a222e784d38?w=600&q=80', 'Minuman madu lemon.', '300 ml', 'Menyegarkan dan praktis.', 'Dibuat dari madu murni dan lemon pilihan sebagai minuman sehat khas pegunungan.', 3, 14, NOW());
INSERT INTO produk (id, nama, harga, stok, gambar, deskripsi, satuan, keunggulan, cerita, kategori_id, umkm_id, created_at) OVERRIDING SYSTEM VALUE VALUES (28, 'Madu Jahe Merah', 45000, 67, 'https://images.unsplash.com/photo-1587049352846-4a222e784d38?w=600&q=80', 'Minuman herbal madu dan jahe merah.', '300 ml', 'Cocok untuk menghangatkan tubuh.', 'Perpaduan madu dan jahe merah lokal menjadi minuman favorit wisatawan yang berkunjung ke kawasan Puncak.', 3, 14, NOW());
INSERT INTO umkm (id, nama, pemilik, alamat, no_hp, sejak, desa_id) OVERRIDING SYSTEM VALUE VALUES (15, 'Pak Rudi Hartono', 'Pak Rudi Hartono', 'Kp. Citeko RT 01/RW 05, Desa Tugu Utara', '6281234561203', '2009', 2);
INSERT INTO produk (id, nama, harga, stok, gambar, deskripsi, satuan, keunggulan, cerita, kategori_id, umkm_id, created_at) OVERRIDING SYSTEM VALUE VALUES (29, 'Arabika Gunung Mas', 88000, 25, 'https://images.unsplash.com/photo-1497935586351-b67a49e012bf?w=600&q=80', 'Kopi Arabika specialty dari lereng Gunung Gede Pangrango.', '250 gr', 'Aroma floral dan cokelat.', 'Buah kopi tumbuh di bawah naungan pepohonan hutan sehingga matang lebih lambat dan menghasilkan rasa yang lebih kompleks. Proses panen dilakukan secara selektif dengan hanya memetik buah merah yang benar-benar matang.', 2, 15, NOW());
INSERT INTO produk (id, nama, harga, stok, gambar, deskripsi, satuan, keunggulan, cerita, kategori_id, umkm_id, created_at) OVERRIDING SYSTEM VALUE VALUES (30, 'Arabika Premium', 98000, 97, 'https://images.unsplash.com/photo-1509042239860-f550ce710b93?w=600&q=80', 'Biji kopi premium hasil sortasi terbaik.', '250 gr', 'Grade specialty.', 'Hanya buah kopi terbaik yang dipilih sehingga menghasilkan cita rasa premium yang banyak digunakan oleh kedai kopi specialty.', 2, 15, NOW());
INSERT INTO umkm (id, nama, pemilik, alamat, no_hp, sejak, desa_id) OVERRIDING SYSTEM VALUE VALUES (16, 'UMKM Puncak Coffee', 'UMKM Puncak Coffee', 'Kp. Gunung Mas RT 03/RW 04, Desa Tugu Utara', '6281234561204', '2018', 2);
INSERT INTO produk (id, nama, harga, stok, gambar, deskripsi, satuan, keunggulan, cerita, kategori_id, umkm_id, created_at) OVERRIDING SYSTEM VALUE VALUES (31, 'Drip Bag Coffee', 60000, 78, 'https://images.unsplash.com/photo-1497935586351-b67a49e012bf?w=600&q=80', 'Kopi seduh praktis.', '10 sachet', 'Fresh roast.', 'Setiap batch dipanggang dalam jumlah kecil agar aroma kopi tetap maksimal hingga sampai ke tangan pelanggan.', 2, 16, NOW());
INSERT INTO produk (id, nama, harga, stok, gambar, deskripsi, satuan, keunggulan, cerita, kategori_id, umkm_id, created_at) OVERRIDING SYSTEM VALUE VALUES (32, 'Cold Brew Concentrate', 72000, 71, 'https://images.unsplash.com/photo-1497935586351-b67a49e012bf?w=600&q=80', 'Konsentrat kopi dingin.', '500 ml', 'Praktis disajikan.', 'Menggunakan ekstraksi dingin selama lebih dari 18 jam sehingga menghasilkan rasa kopi yang lebih lembut dan minim rasa pahit.', 2, 16, NOW());
INSERT INTO umkm (id, nama, pemilik, alamat, no_hp, sejak, desa_id) OVERRIDING SYSTEM VALUE VALUES (17, 'Pak Jajang Mulyana', 'Pak Jajang Mulyana', 'Kp. Tugu RT 02/RW 02, Desa Tugu Utara', '6281234561205', '2012', 2);
INSERT INTO produk (id, nama, harga, stok, gambar, deskripsi, satuan, keunggulan, cerita, kategori_id, umkm_id, created_at) OVERRIDING SYSTEM VALUE VALUES (33, 'Alpukat Mentega', 38000, 38, 'https://images.unsplash.com/photo-1523348837708-15d4a09cfac2?w=600&q=80', 'Alpukat berdaging tebal.', '1 kg', 'Tekstur lembut.', 'Alpukat tumbuh di lereng pegunungan dengan tanah vulkanik yang kaya unsur hara sehingga menghasilkan buah yang lebih padat dan gurih.', 1, 17, NOW());
INSERT INTO produk (id, nama, harga, stok, gambar, deskripsi, satuan, keunggulan, cerita, kategori_id, umkm_id, created_at) OVERRIDING SYSTEM VALUE VALUES (34, 'Jeruk Keprok', 34000, 63, 'https://images.unsplash.com/photo-1523348837708-15d4a09cfac2?w=600&q=80', 'Jeruk segar khas Puncak.', '1 kg', 'Manis segar.', 'Udara dingin membantu proses pematangan buah sehingga rasa manis berkembang secara alami.', 1, 17, NOW());
INSERT INTO umkm (id, nama, pemilik, alamat, no_hp, sejak, desa_id) OVERRIDING SYSTEM VALUE VALUES (18, 'Ibu Sulastri', 'Ibu Sulastri', 'Kp. Citeko RT 03/RW 01, Desa Tugu Utara', '6281234561206', '2015', 2);
INSERT INTO produk (id, nama, harga, stok, gambar, deskripsi, satuan, keunggulan, cerita, kategori_id, umkm_id, created_at) OVERRIDING SYSTEM VALUE VALUES (35, 'Markisa Ungu', 26000, 90, 'https://images.unsplash.com/photo-1523348837708-15d4a09cfac2?w=600&q=80', 'Buah markisa segar.', '500 gr', 'Aroma kuat.', 'Markisa dipanen saat matang sempurna agar menghasilkan rasa asam manis yang menyegarkan.', 1, 18, NOW());
INSERT INTO produk (id, nama, harga, stok, gambar, deskripsi, satuan, keunggulan, cerita, kategori_id, umkm_id, created_at) OVERRIDING SYSTEM VALUE VALUES (36, 'Tomat Cherry Premium', 24000, 70, 'https://images.unsplash.com/photo-1540420773420-3366772f4999?w=600&q=80', 'Tomat cherry berkualitas premium.', '500 gr', 'Cocok salad.', 'Sinar matahari pagi dan udara sejuk menghasilkan tomat dengan warna merah cerah dan rasa manis alami.', 5, 18, NOW());
INSERT INTO umkm (id, nama, pemilik, alamat, no_hp, sejak, desa_id) OVERRIDING SYSTEM VALUE VALUES (19, 'Pak Dedi Saputra', 'Pak Dedi Saputra', 'Kp. Tugu Selatan RT 04/RW 05, Desa Tugu Utara', '6281234561207', '2014', 2);
INSERT INTO produk (id, nama, harga, stok, gambar, deskripsi, satuan, keunggulan, cerita, kategori_id, umkm_id, created_at) OVERRIDING SYSTEM VALUE VALUES (37, 'Selada Romaine', 16000, 51, 'https://images.unsplash.com/photo-1540420773420-3366772f4999?w=600&q=80', 'Selada segar premium.', '250 gr', 'Daun renyah.', 'Dipanen setiap pagi sebelum matahari terik sehingga kesegaran daun tetap terjaga.', 5, 19, NOW());
INSERT INTO produk (id, nama, harga, stok, gambar, deskripsi, satuan, keunggulan, cerita, kategori_id, umkm_id, created_at) OVERRIDING SYSTEM VALUE VALUES (38, 'Pakcoy Organik', 15000, 101, 'https://images.unsplash.com/photo-1540420773420-3366772f4999?w=600&q=80', 'Pakcoy organik.', '300 gr', 'Bebas pestisida.', 'Menggunakan pupuk kompos alami dari peternakan sekitar desa.', 5, 19, NOW());
INSERT INTO umkm (id, nama, pemilik, alamat, no_hp, sejak, desa_id) OVERRIDING SYSTEM VALUE VALUES (20, 'Pak Asep Nugraha', 'Pak Asep Nugraha', 'Kp. Gunung Mas RT 01/RW 06, Desa Tugu Utara', '6281234561208', '2010', 2);
INSERT INTO produk (id, nama, harga, stok, gambar, deskripsi, satuan, keunggulan, cerita, kategori_id, umkm_id, created_at) OVERRIDING SYSTEM VALUE VALUES (39, 'Brokoli Organik', 24000, 46, 'https://images.unsplash.com/photo-1574316071802-0d684efa7bf5?w=600&q=80', 'Brokoli hijau segar.', '500 gr', 'Kaya vitamin.', 'Kabut pegunungan menjaga kelembapan tanaman sehingga menghasilkan brokoli yang lebih padat.', 5, 20, NOW());
INSERT INTO produk (id, nama, harga, stok, gambar, deskripsi, satuan, keunggulan, cerita, kategori_id, umkm_id, created_at) OVERRIDING SYSTEM VALUE VALUES (40, 'Wortel Organik', 18000, 70, 'https://images.unsplash.com/photo-1574316071802-0d684efa7bf5?w=600&q=80', 'Wortel segar.', '500 gr', 'Manis alami.', 'Tanah vulkanik menghasilkan wortel berwarna oranye cerah dan kaya beta-karoten.', 5, 20, NOW());
INSERT INTO umkm (id, nama, pemilik, alamat, no_hp, sejak, desa_id) OVERRIDING SYSTEM VALUE VALUES (21, 'Pak Ujang Sopian – Sanggar Anyaman Tugu', 'Pak Ujang Sopian – Sanggar Anyaman Tugu', 'Kp. Citeko RT 02/RW 07, Desa Tugu Utara', '6281234561209', '2007', 2);
INSERT INTO produk (id, nama, harga, stok, gambar, deskripsi, satuan, keunggulan, cerita, kategori_id, umkm_id, created_at) OVERRIDING SYSTEM VALUE VALUES (41, 'Keranjang Anyaman Bambu', 80000, 107, 'https://images.unsplash.com/photo-1606744824163-985d376605aa?w=600&q=80', 'Keranjang handmade.', 'pcs', 'Ramah lingkungan.', 'Bambu yang tumbuh subur di sekitar kawasan Puncak diolah menjadi keranjang menggunakan teknik anyaman tradisional yang diwariskan turun-temurun.', 4, 21, NOW());
INSERT INTO produk (id, nama, harga, stok, gambar, deskripsi, satuan, keunggulan, cerita, kategori_id, umkm_id, created_at) OVERRIDING SYSTEM VALUE VALUES (42, 'Rak Bambu Minimalis', 165000, 84, 'https://images.unsplash.com/photo-1531835551805-16d864c8d311?w=600&q=80', 'Rak serbaguna.', 'pcs', 'Kuat dan awet.', 'Perpaduan desain modern dengan teknik tradisional menghasilkan produk yang diminati wisatawan.', 4, 21, NOW());
INSERT INTO umkm (id, nama, pemilik, alamat, no_hp, sejak, desa_id) OVERRIDING SYSTEM VALUE VALUES (22, 'UMKM Alam Puncak Craft', 'UMKM Alam Puncak Craft', 'Kp. Gunung Mas RT 05/RW 01, Desa Tugu Utara', '6281234561210', '2018', 2);
INSERT INTO produk (id, nama, harga, stok, gambar, deskripsi, satuan, keunggulan, cerita, kategori_id, umkm_id, created_at) OVERRIDING SYSTEM VALUE VALUES (43, 'Pot Tanaman Kayu', 95000, 57, 'https://images.unsplash.com/photo-1531835551805-16d864c8d311?w=600&q=80', 'Pot dekoratif.', 'pcs', 'Handmade.', 'Memanfaatkan limbah kayu pinus menjadi produk bernilai tinggi sekaligus mengurangi limbah.', 4, 22, NOW());
INSERT INTO produk (id, nama, harga, stok, gambar, deskripsi, satuan, keunggulan, cerita, kategori_id, umkm_id, created_at) OVERRIDING SYSTEM VALUE VALUES (44, 'Lampu Hias Kayu', 180000, 113, 'https://images.unsplash.com/photo-1531835551805-16d864c8d311?w=600&q=80', 'Lampu dekorasi.', 'pcs', 'Finishing premium.', 'Motif ukiran terinspirasi dari bentuk daun teh dan pegunungan Puncak.', 4, 22, NOW());
INSERT INTO umkm (id, nama, pemilik, alamat, no_hp, sejak, desa_id) OVERRIDING SYSTEM VALUE VALUES (23, 'UMKM Rasa Gunung', 'UMKM Rasa Gunung', 'Jl. Raya Puncak KM 83, Desa Tugu Utara', '6281234561211', '2016', 2);
INSERT INTO produk (id, nama, harga, stok, gambar, deskripsi, satuan, keunggulan, cerita, kategori_id, umkm_id, created_at) OVERRIDING SYSTEM VALUE VALUES (45, 'Keripik Talas', 24000, 108, 'https://images.unsplash.com/photo-1599490659213-e2b9527b0876?w=600&q=80', 'Keripik talas renyah.', '200 gr', 'Bahan baku lokal.', 'Talas yang banyak dibudidayakan masyarakat diolah menjadi camilan renyah dengan berbagai varian rasa sehingga memiliki nilai jual yang lebih tinggi.', 6, 23, NOW());
INSERT INTO produk (id, nama, harga, stok, gambar, deskripsi, satuan, keunggulan, cerita, kategori_id, umkm_id, created_at) OVERRIDING SYSTEM VALUE VALUES (46, 'Brownies Kopi', 42000, 50, 'https://images.unsplash.com/photo-1497935586351-b67a49e012bf?w=600&q=80', 'Brownies dengan kopi Arabika lokal.', '250 gr', 'Aroma kopi khas Puncak.', 'Perpaduan cokelat premium dan kopi Arabika menghasilkan brownies dengan aroma khas pegunungan.', 2, 23, NOW());
INSERT INTO umkm (id, nama, pemilik, alamat, no_hp, sejak, desa_id) OVERRIDING SYSTEM VALUE VALUES (24, 'UMKM Puncak Bakery', 'UMKM Puncak Bakery', 'Kp. Tugu RT 03/RW 04, Desa Tugu Utara', '6281234561212', '2020', 2);
INSERT INTO produk (id, nama, harga, stok, gambar, deskripsi, satuan, keunggulan, cerita, kategori_id, umkm_id, created_at) OVERRIDING SYSTEM VALUE VALUES (47, 'Cookies Madu', 32000, 107, 'https://images.unsplash.com/photo-1471193945509-9ad0617afabf?w=600&q=80', 'Kue kering madu.', '180 gr', 'Menggunakan madu murni lokal.', 'Madu Kaliandra memberikan rasa manis alami sekaligus aroma bunga yang lembut pada setiap gigitan.', 3, 24, NOW());
INSERT INTO produk (id, nama, harga, stok, gambar, deskripsi, satuan, keunggulan, cerita, kategori_id, umkm_id, created_at) OVERRIDING SYSTEM VALUE VALUES (48, 'Keripik Wortel', 22000, 58, 'https://images.unsplash.com/photo-1540420773420-3366772f4999?w=600&q=80', 'Keripik sehat dari wortel organik.', '150 gr', 'Kaya serat dan vitamin.', 'Diciptakan untuk mengolah hasil panen wortel melimpah menjadi camilan sehat yang disukai anak-anak maupun orang dewasa.', 5, 24, NOW());
INSERT INTO desa (id, nama_desa, kecamatan, kabupaten, latitude, longitude, deskripsi) OVERRIDING SYSTEM VALUE VALUES (3, 'Desa Penglipuran', 'Bangli', 'Kabupaten Bangli', -8.4522, 115.3524, 'Desa Penglipuran adalah salah satu desa adat di Bali yang sangat terkenal dengan kelestarian budaya, arsitektur tradisional, dan kebersihan lingkungannya. Secara geografis, desa ini terletak di Kecamatan Bangli, Kabupaten Bangli, Bali, pada ketinggian sekitar 600–700 mdpl dengan suhu sejuk 18–26°C. Desa adat ini dikelilingi oleh hutan bambu yang luas yang berfungsi sebagai daerah resapan air serta pelindung kelestarian desa. Selain bambu, tanah subur di Penglipuran juga mendukung budidaya pertanian seperti jeruk kintamani, kakao, sayuran kopi, dan lebah madu trigona.');
INSERT INTO umkm (id, nama, pemilik, alamat, no_hp, sejak, desa_id) OVERRIDING SYSTEM VALUE VALUES (25, 'Pak I Wayan Sudarma – Kelompok Tani Madu Penglipuran', 'Pak I Wayan Sudarma – Kelompok Tani Madu Penglipuran', 'Banjar Penglipuran, Desa Penglipuran, Kec. Bangli, Kab. Bangli, Bali 80619', '6281234561301', '2012', 3);
INSERT INTO produk (id, nama, harga, stok, gambar, deskripsi, satuan, keunggulan, cerita, kategori_id, umkm_id, created_at) OVERRIDING SYSTEM VALUE VALUES (49, 'Madu Trigona Penglipuran', 75000, 95, 'https://images.unsplash.com/photo-1471193945509-9ad0617afabf?w=600&q=80', 'Madu murni dari lebah Trigona tanpa sengat dengan cita rasa manis sedikit asam.', '250 ml', 'Kaya propolis alami, antioksidan tinggi, dipanen tanpa merusak koloni lebah.', 'Di balik hutan bambu yang rindang, masyarakat Desa Penglipuran membudidayakan lebah Trigona secara alami. Lebah ini mengumpulkan nektar dari berbagai bunga liar, tanaman kopi, dan rempah yang tumbuh di lingkungan desa. Berkat udara yang sejuk dan ekosistem yang masih terjaga, madu yang dihasilkan memiliki aroma khas, rasa unik, dan kandungan propolis yang lebih tinggi dibanding madu biasa.', 3, 25, NOW());
INSERT INTO produk (id, nama, harga, stok, gambar, deskripsi, satuan, keunggulan, cerita, kategori_id, umkm_id, created_at) OVERRIDING SYSTEM VALUE VALUES (50, 'Madu Trigona Premium', 135000, 65, 'https://images.unsplash.com/photo-1471193945509-9ad0617afabf?w=600&q=80', 'Madu premium hasil panen terbatas.', '500 ml', 'Kadar air rendah, kualitas premium.', 'Setiap musim panen hanya sebagian kecil madu terbaik yang dipilih menjadi varian Premium. Madu dipanen secara manual tanpa merusak sarang sehingga kelestarian lebah tetap terjaga untuk generasi berikutnya.', 3, 25, NOW());
INSERT INTO umkm (id, nama, pemilik, alamat, no_hp, sejak, desa_id) OVERRIDING SYSTEM VALUE VALUES (26, 'UMKM Arta Bali Herbal', 'UMKM Arta Bali Herbal', 'Banjar Tengah, Desa Penglipuran, Bangli', '6281234561302', '2019', 3);
INSERT INTO produk (id, nama, harga, stok, gambar, deskripsi, satuan, keunggulan, cerita, kategori_id, umkm_id, created_at) OVERRIDING SYSTEM VALUE VALUES (51, 'Honey Lemon Bali', 45000, 80, 'https://images.unsplash.com/photo-1471193945509-9ad0617afabf?w=600&q=80', 'Minuman madu dengan lemon segar Bali.', '300 ml', 'Menyegarkan dan meningkatkan daya tahan tubuh.', 'Perpaduan madu Trigona dengan lemon lokal Bali menghasilkan minuman herbal yang banyak dinikmati wisatawan setelah berkeliling Desa Penglipuran.', 3, 26, NOW());
INSERT INTO produk (id, nama, harga, stok, gambar, deskripsi, satuan, keunggulan, cerita, kategori_id, umkm_id, created_at) OVERRIDING SYSTEM VALUE VALUES (52, 'Madu Jahe Herbal', 48000, 71, 'https://images.unsplash.com/photo-1471193945509-9ad0617afabf?w=600&q=80', 'Minuman herbal madu dan jahe merah.', '300 ml', 'Menghangatkan tubuh.', 'Jahe merah yang tumbuh di pekarangan warga dipadukan dengan madu Trigona sehingga menghasilkan minuman tradisional yang diwariskan turun-temurun oleh masyarakat Bali.', 3, 26, NOW());
INSERT INTO umkm (id, nama, pemilik, alamat, no_hp, sejak, desa_id) OVERRIDING SYSTEM VALUE VALUES (27, 'Pak I Made Suarsa', 'Pak I Made Suarsa', 'Banjar Penglipuran Kaja, Desa Penglipuran', '6281234561303', '2008', 3);
INSERT INTO produk (id, nama, harga, stok, gambar, deskripsi, satuan, keunggulan, cerita, kategori_id, umkm_id, created_at) OVERRIDING SYSTEM VALUE VALUES (53, 'Kopi Arabika Penglipuran', 85000, 84, 'https://images.unsplash.com/photo-1497935586351-b67a49e012bf?w=600&q=80', 'Kopi Arabika premium dataran tinggi Bali.', '250 gr', 'Aroma floral, body ringan, aftertaste manis.', 'Kopi ini tumbuh di dataran tinggi Bangli pada ketinggian sekitar 1.000 mdpl dengan suhu yang sejuk. Perbedaan suhu siang dan malam membuat buah kopi matang lebih lambat sehingga menghasilkan cita rasa floral dan sedikit citrus yang menjadi ciri khas kopi Bali.', 2, 27, NOW());
INSERT INTO produk (id, nama, harga, stok, gambar, deskripsi, satuan, keunggulan, cerita, kategori_id, umkm_id, created_at) OVERRIDING SYSTEM VALUE VALUES (54, 'Kopi Robusta Bali', 60000, 104, 'https://images.unsplash.com/photo-1509042239860-f550ce710b93?w=600&q=80', 'Kopi robusta dengan karakter rasa kuat.', '250 gr', 'Body tebal dan aroma cokelat.', 'Pohon kopi robusta tumbuh berdampingan dengan tanaman buah dan rempah sehingga menciptakan lingkungan agroforestri yang alami dan ramah lingkungan.', 2, 27, NOW());
INSERT INTO umkm (id, nama, pemilik, alamat, no_hp, sejak, desa_id) OVERRIDING SYSTEM VALUE VALUES (28, 'UMKM Bali Coffee Heritage', 'UMKM Bali Coffee Heritage', 'Banjar Kauh, Desa Penglipuran', '6281234561304', '2018', 3);
INSERT INTO produk (id, nama, harga, stok, gambar, deskripsi, satuan, keunggulan, cerita, kategori_id, umkm_id, created_at) OVERRIDING SYSTEM VALUE VALUES (55, 'Drip Bag Coffee', 55000, 28, 'https://images.unsplash.com/photo-1509042239860-f550ce710b93?w=600&q=80', 'Kopi seduh praktis.', '10 sachet', 'Menggunakan biji kopi pilihan.', 'Kopi dipanggang dalam jumlah kecil agar aroma tetap segar sebelum dikemas menjadi drip bag yang praktis dibawa saat bepergian.', 2, 28, NOW());
INSERT INTO produk (id, nama, harga, stok, gambar, deskripsi, satuan, keunggulan, cerita, kategori_id, umkm_id, created_at) OVERRIDING SYSTEM VALUE VALUES (56, 'Honey Process Coffee', 95000, 94, 'https://images.unsplash.com/photo-1497935586351-b67a49e012bf?w=600&q=80', 'Kopi specialty dengan proses honey.', '250 gr', 'Rasa lebih manis dan kompleks.', 'Metode Honey Process mempertahankan lendir alami buah kopi saat proses pengeringan sehingga menghasilkan rasa manis alami dan aroma buah yang khas.', 2, 28, NOW());
INSERT INTO umkm (id, nama, pemilik, alamat, no_hp, sejak, desa_id) OVERRIDING SYSTEM VALUE VALUES (29, 'Pak I Nyoman Arsana', 'Pak I Nyoman Arsana', 'Banjar Adat Penglipuran, Desa Penglipuran', '6281234561305', '2010', 3);
INSERT INTO produk (id, nama, harga, stok, gambar, deskripsi, satuan, keunggulan, cerita, kategori_id, umkm_id, created_at) OVERRIDING SYSTEM VALUE VALUES (57, 'Jeruk Kintamani', 32000, 71, 'https://images.unsplash.com/photo-1523348837708-15d4a09cfac2?w=600&q=80', 'Jeruk manis dengan aroma khas.', '1 kg', 'Segar, kaya vitamin C.', 'Jeruk tumbuh di tanah vulkanik yang kaya mineral dengan udara pegunungan yang sejuk. Kondisi ini menghasilkan buah dengan rasa manis, sedikit asam, dan aroma yang sangat khas.', 1, 29, NOW());
INSERT INTO produk (id, nama, harga, stok, gambar, deskripsi, satuan, keunggulan, cerita, kategori_id, umkm_id, created_at) OVERRIDING SYSTEM VALUE VALUES (58, 'Kakao Fermentasi', 48000, 63, 'https://images.unsplash.com/photo-1523348837708-15d4a09cfac2?w=600&q=80', 'Biji kakao fermentasi premium.', '500 gr', 'Aroma cokelat lebih kuat.', 'Kakao difermentasi selama beberapa hari menggunakan metode tradisional sehingga menghasilkan cita rasa cokelat yang lebih kaya sebelum diolah menjadi berbagai produk UMKM.', 1, 29, NOW());
INSERT INTO umkm (id, nama, pemilik, alamat, no_hp, sejak, desa_id) OVERRIDING SYSTEM VALUE VALUES (30, 'Ibu Ni Luh Sari', 'Ibu Ni Luh Sari', 'Banjar Tengah, Desa Penglipuran', '6281234561306', '2016', 3);
INSERT INTO produk (id, nama, harga, stok, gambar, deskripsi, satuan, keunggulan, cerita, kategori_id, umkm_id, created_at) OVERRIDING SYSTEM VALUE VALUES (59, 'Pisang Raja Bali', 28000, 84, 'https://images.unsplash.com/photo-1615485290382-441e4d049cb5?w=600&q=80', 'Pisang lokal Bali.', '1 sisir', 'Manis alami dan bertekstur lembut.', 'Pisang ditanam di pekarangan rumah masyarakat sebagai bagian dari sistem pertanian keluarga yang telah berlangsung turun-temurun.', 1, 30, NOW());
INSERT INTO produk (id, nama, harga, stok, gambar, deskripsi, satuan, keunggulan, cerita, kategori_id, umkm_id, created_at) OVERRIDING SYSTEM VALUE VALUES (60, 'Kelapa Muda', 22000, 92, 'https://images.unsplash.com/photo-1615485290382-441e4d049cb5?w=600&q=80', 'Kelapa segar.', '1 buah', 'Air kelapa alami.', 'Kelapa dipanen langsung dari kebun warga yang memanfaatkan lahan pekarangan untuk memenuhi kebutuhan sehari-hari sekaligus menjadi sumber pendapatan tambahan.', 1, 30, NOW());
INSERT INTO umkm (id, nama, pemilik, alamat, no_hp, sejak, desa_id) OVERRIDING SYSTEM VALUE VALUES (31, 'Pak Komang Ardika', 'Pak Komang Ardika', 'Banjar Kawan, Desa Penglipuran', '6281234561307', '2014', 3);
INSERT INTO produk (id, nama, harga, stok, gambar, deskripsi, satuan, keunggulan, cerita, kategori_id, umkm_id, created_at) OVERRIDING SYSTEM VALUE VALUES (61, 'Bayam Organik', 12000, 79, 'https://images.unsplash.com/photo-1540420773420-3366772f4999?w=600&q=80', 'Bayam segar tanpa pestisida kimia.', '250 gr', 'Dipanen pagi hari.', 'Bayam ditanam menggunakan pupuk organik hasil kompos rumah tangga sehingga menghasilkan daun yang lebih hijau dan segar.', 5, 31, NOW());
INSERT INTO produk (id, nama, harga, stok, gambar, deskripsi, satuan, keunggulan, cerita, kategori_id, umkm_id, created_at) OVERRIDING SYSTEM VALUE VALUES (62, 'Kangkung Organik', 10000, 117, 'https://images.unsplash.com/photo-1540420773420-3366772f4999?w=600&q=80', 'Kangkung segar.', '250 gr', 'Bebas pestisida.', 'Air pegunungan yang jernih menjadi sumber irigasi alami bagi lahan sayuran masyarakat Penglipuran.', 5, 31, NOW());
INSERT INTO produk (id, nama, harga, stok, gambar, deskripsi, satuan, keunggulan, cerita, kategori_id, umkm_id, created_at) OVERRIDING SYSTEM VALUE VALUES (63, 'Sawi Hijau', 12000, 107, 'https://images.unsplash.com/photo-1540420773420-3366772f4999?w=600&q=80', 'Sayuran segar.', '300 gr', 'Tekstur renyah.', 'Udara sejuk desa membuat pertumbuhan sawi lebih lambat sehingga menghasilkan rasa yang lebih manis alami.', 5, 31, NOW());
INSERT INTO umkm (id, nama, pemilik, alamat, no_hp, sejak, desa_id) OVERRIDING SYSTEM VALUE VALUES (32, 'Ibu Kadek Lestari', 'Ibu Kadek Lestari', 'Banjar Kelod, Desa Penglipuran', '6281234561308', '2017', 3);
INSERT INTO produk (id, nama, harga, stok, gambar, deskripsi, satuan, keunggulan, cerita, kategori_id, umkm_id, created_at) OVERRIDING SYSTEM VALUE VALUES (64, 'Cabai Rawit Bali', 20000, 101, 'https://images.unsplash.com/photo-1615485290382-441e4d049cb5?w=600&q=80', 'Cabai lokal Bali.', '250 gr', 'Pedas khas Bali.', 'Cabai ini menjadi salah satu bahan utama sambal khas Bali yang terkenal dengan cita rasanya yang pedas dan segar.', 1, 32, NOW());
INSERT INTO umkm (id, nama, pemilik, alamat, no_hp, sejak, desa_id) OVERRIDING SYSTEM VALUE VALUES (33, 'Pak I Ketut Dana – Sanggar Bambu Penglipuran', 'Pak I Ketut Dana – Sanggar Bambu Penglipuran', 'Banjar Penglipuran, Desa Penglipuran', '6281234561309', '2005', 3);
INSERT INTO produk (id, nama, harga, stok, gambar, deskripsi, satuan, keunggulan, cerita, kategori_id, umkm_id, created_at) OVERRIDING SYSTEM VALUE VALUES (65, 'Keranjang Anyaman Bambu', 75000, 87, 'https://images.unsplash.com/photo-1531835551805-16d864c8d311?w=600&q=80', 'Keranjang handmade dari bambu lokal.', 'pcs', 'Ramah lingkungan.', 'Hutan bambu yang mengelilingi Desa Penglipuran menjadi sumber bahan baku utama. Setiap keranjang dianyam secara manual menggunakan teknik tradisional yang diwariskan dari generasi ke generasi.', 4, 33, NOW());
INSERT INTO produk (id, nama, harga, stok, gambar, deskripsi, satuan, keunggulan, cerita, kategori_id, umkm_id, created_at) OVERRIDING SYSTEM VALUE VALUES (66, 'Lampu Hias Bambu', 120000, 63, 'https://images.unsplash.com/photo-1531835551805-16d864c8d311?w=600&q=80', 'Lampu dekoratif.', 'pcs', 'Motif ukiran Bali.', 'Motif ukiran pada lampu terinspirasi dari ornamen rumah adat Bali yang menjadi identitas Desa Penglipuran.', 4, 33, NOW());
INSERT INTO umkm (id, nama, pemilik, alamat, no_hp, sejak, desa_id) OVERRIDING SYSTEM VALUE VALUES (34, 'UMKM Bali Bamboo Craft', 'UMKM Bali Bamboo Craft', 'Banjar Tengah, Desa Penglipuran', '6281234561310', '2016', 3);
INSERT INTO produk (id, nama, harga, stok, gambar, deskripsi, satuan, keunggulan, cerita, kategori_id, umkm_id, created_at) OVERRIDING SYSTEM VALUE VALUES (67, 'Tempat Tisu Bambu', 55000, 75, 'https://images.unsplash.com/photo-1531835551805-16d864c8d311?w=600&q=80', 'Tempat tisu handmade.', 'pcs', 'Finishing premium.', 'Produk dibuat dari bambu pilihan yang telah dikeringkan secara alami agar lebih kuat dan tahan lama.', 4, 34, NOW());
INSERT INTO produk (id, nama, harga, stok, gambar, deskripsi, satuan, keunggulan, cerita, kategori_id, umkm_id, created_at) OVERRIDING SYSTEM VALUE VALUES (68, 'Vas Bunga Bambu', 85000, 65, 'https://images.unsplash.com/photo-1531835551805-16d864c8d311?w=600&q=80', 'Vas dekoratif.', 'pcs', 'Handmade.', 'Setiap vas memiliki pola serat bambu yang berbeda sehingga tidak ada dua produk yang benar-benar sama.', 4, 34, NOW());
INSERT INTO umkm (id, nama, pemilik, alamat, no_hp, sejak, desa_id) OVERRIDING SYSTEM VALUE VALUES (35, 'UMKM Rasa Penglipuran', 'UMKM Rasa Penglipuran', 'Banjar Kaja, Desa Penglipuran', '6281234561311', '2013', 3);
INSERT INTO produk (id, nama, harga, stok, gambar, deskripsi, satuan, keunggulan, cerita, kategori_id, umkm_id, created_at) OVERRIDING SYSTEM VALUE VALUES (69, 'Pie Susu Bali', 35000, 83, 'https://images.unsplash.com/photo-1599490659213-e2b9527b0876?w=600&q=80', 'Pie susu khas Bali.', '200 gr', 'Resep tradisional.', 'Pie susu menjadi salah satu oleh-oleh favorit wisatawan yang berkunjung ke Bali. Produk ini dibuat menggunakan resep keluarga yang telah diwariskan selama puluhan tahun.', 6, 35, NOW());
INSERT INTO produk (id, nama, harga, stok, gambar, deskripsi, satuan, keunggulan, cerita, kategori_id, umkm_id, created_at) OVERRIDING SYSTEM VALUE VALUES (70, 'Keripik Pisang', 22000, 96, 'https://images.unsplash.com/photo-1509440159596-0249088772ff?w=600&q=80', 'Keripik pisang renyah.', '200 gr', 'Tanpa pengawet.', 'Pisang lokal yang melimpah diolah menjadi keripik agar memiliki umur simpan lebih panjang sekaligus meningkatkan nilai jual hasil panen masyarakat.', 6, 35, NOW());
INSERT INTO umkm (id, nama, pemilik, alamat, no_hp, sejak, desa_id) OVERRIDING SYSTEM VALUE VALUES (36, 'UMKM Cokelat Bali Asri', 'UMKM Cokelat Bali Asri', 'Banjar Kelod, Desa Penglipuran', '6281234561312', '2018', 3);
INSERT INTO produk (id, nama, harga, stok, gambar, deskripsi, satuan, keunggulan, cerita, kategori_id, umkm_id, created_at) OVERRIDING SYSTEM VALUE VALUES (71, 'Dodol Kakao', 38000, 40, 'https://images.unsplash.com/photo-1509440159596-0249088772ff?w=600&q=80', 'Dodol berbahan kakao lokal.', '250 gr', 'Mengandung kakao asli.', 'Dodol ini menggabungkan resep tradisional Bali dengan kakao fermentasi lokal sehingga menghasilkan rasa manis berpadu aroma cokelat yang khas.', 6, 36, NOW());
INSERT INTO produk (id, nama, harga, stok, gambar, deskripsi, satuan, keunggulan, cerita, kategori_id, umkm_id, created_at) OVERRIDING SYSTEM VALUE VALUES (72, 'Cookies Kopi Bali', 32000, 53, 'https://images.unsplash.com/photo-1509042239860-f550ce710b93?w=600&q=80', 'Cookies dengan bubuk kopi Arabika Bali.', '180 gr', 'Aroma kopi kuat.', 'Biji kopi Arabika Penglipuran dipanggang terlebih dahulu sebelum diolah menjadi cookies yang menjadi favorit wisatawan sebagai buah tangan khas Bali.', 2, 36, NOW());
INSERT INTO desa (id, nama_desa, kecamatan, kabupaten, latitude, longitude, deskripsi) OVERRIDING SYSTEM VALUE VALUES (4, 'Desa Cibodas', 'Lembang', 'Kabupaten Bandung Barat', -6.8123, 107.6512, 'Desa Cibodas terletak di kawasan Lembang, Kabupaten Bandung Barat, Jawa Barat, pada ketinggian sekitar 1.250–1.500 mdpl dengan suhu dingin 16–23°C. Lahan pertanian di lereng pegunungan ini sangat subur berkat tanah vulkanik pegunungan Lembang. Kelembaban udara yang tinggi dan kabut harian sangat ideal untuk pertanian hortikultura, sayuran organik berkualitas tinggi seperti brokoli, stroberi segar, kentang, wortel, serta peternakan sapi perah dan lebah madu kaliandra.');
INSERT INTO umkm (id, nama, pemilik, alamat, no_hp, sejak, desa_id) OVERRIDING SYSTEM VALUE VALUES (37, 'Pak Dedi Suhendar', 'Pak Dedi Suhendar', 'Jl. Maribaya RT 02/RW 03, Desa Cibodas, Kec. Lembang, Kab. Bandung Barat', '6281234561401', '2010', 4);
INSERT INTO produk (id, nama, harga, stok, gambar, deskripsi, satuan, keunggulan, cerita, kategori_id, umkm_id, created_at) OVERRIDING SYSTEM VALUE VALUES (73, 'Brokoli Segar Grade A', 18000, 98, 'https://images.unsplash.com/photo-1540420773420-3366772f4999?w=600&q=80', 'Brokoli segar hasil panen harian dengan warna hijau cerah dan tekstur padat.', '500 gr', 'Dipanen setiap pagi, bebas pengawet, kaya vitamin C dan serat.', 'Di lereng pegunungan Desa Cibodas pada ketinggian sekitar 1.350 mdpl, brokoli ini tumbuh di tanah vulkanik yang subur dengan suhu sejuk 16–23°C. Kabut pagi menjaga kelembapan tanaman sehingga menghasilkan kuntum yang padat, renyah, dan berwarna hijau pekat. Pak Dedi telah merawat lahan ini selama lebih dari 15 tahun dengan sistem panen harian agar setiap brokoli sampai ke tangan pembeli dalam kondisi paling segar.', 5, 37, NOW());
INSERT INTO umkm (id, nama, pemilik, alamat, no_hp, sejak, desa_id) OVERRIDING SYSTEM VALUE VALUES (38, 'Pak Asep Mulyana', 'Pak Asep Mulyana', 'Jl. Cibodas RT 01/RW 05, Desa Cibodas', '6281234561402', '2008', 4);
INSERT INTO produk (id, nama, harga, stok, gambar, deskripsi, satuan, keunggulan, cerita, kategori_id, umkm_id, created_at) OVERRIDING SYSTEM VALUE VALUES (74, 'Brokoli Segar Grade Premium', 25000, 40, 'https://images.unsplash.com/photo-1540420773420-3366772f4999?w=600&q=80', 'Brokoli pilihan dengan ukuran seragam dan kualitas premium.', '500 gr', 'Grade restoran dan hotel, ukuran besar, warna hijau pekat.', 'Tidak semua brokoli berhasil menjadi Grade Premium. Setelah dipanen, hanya sekitar 30% hasil panen terbaik yang lolos proses seleksi berdasarkan ukuran, warna, dan kepadatan bunga. Brokoli pilihan inilah yang menjadi favorit restoran di kawasan Bandung dan Lembang.', 5, 38, NOW());
INSERT INTO umkm (id, nama, pemilik, alamat, no_hp, sejak, desa_id) OVERRIDING SYSTEM VALUE VALUES (39, 'Cibodas Fresh Farm', 'Cibodas Fresh Farm', 'Jl. Maribaya RT 04/RW 02, Desa Cibodas', '6281234561403', '2018', 4);
INSERT INTO produk (id, nama, harga, stok, gambar, deskripsi, satuan, keunggulan, cerita, kategori_id, umkm_id, created_at) OVERRIDING SYSTEM VALUE VALUES (75, 'Frozen Broccoli', 28000, 44, 'https://images.unsplash.com/photo-1574316071802-0d684efa7bf5?w=600&q=80', 'Brokoli segar yang dibekukan dengan teknologi quick freezing.', '500 gr', 'Nutrisi tetap terjaga, praktis dimasak.', 'Sesaat setelah dipanen, brokoli langsung dibersihkan dan dibekukan menggunakan metode quick freezing. Proses ini menjaga warna hijau alami, tekstur, dan kandungan gizinya sehingga pembeli tetap merasakan kesegaran layaknya baru dipanen dari kebun.', 5, 39, NOW());
INSERT INTO umkm (id, nama, pemilik, alamat, no_hp, sejak, desa_id) OVERRIDING SYSTEM VALUE VALUES (40, 'Ibu Rina Handayani', 'Ibu Rina Handayani', 'Jl. Maribaya RT 03/RW 01, Desa Cibodas', '6281234561404', '2019', 4);
INSERT INTO produk (id, nama, harga, stok, gambar, deskripsi, satuan, keunggulan, cerita, kategori_id, umkm_id, created_at) OVERRIDING SYSTEM VALUE VALUES (76, 'Keripik Brokoli Original', 22000, 44, 'https://images.unsplash.com/photo-1540420773420-3366772f4999?w=600&q=80', 'Keripik sehat berbahan brokoli segar.', '150 gr', 'Tanpa pengawet, rendah minyak.', 'Berawal dari banyaknya brokoli yang tidak lolos sortir karena ukuran kurang sempurna, ibu-ibu UMKM Desa Cibodas mengolahnya menjadi keripik sehat yang kini menjadi oleh-oleh khas daerah. Produk ini membantu mengurangi limbah hasil panen sekaligus meningkatkan pendapatan petani.', 5, 40, NOW());
INSERT INTO produk (id, nama, harga, stok, gambar, deskripsi, satuan, keunggulan, cerita, kategori_id, umkm_id, created_at) OVERRIDING SYSTEM VALUE VALUES (77, 'Keripik Brokoli Balado', 24000, 71, 'https://images.unsplash.com/photo-1540420773420-3366772f4999?w=600&q=80', 'Keripik brokoli dengan bumbu balado khas Nusantara.', '150 gr', 'Pedas gurih, tanpa MSG berlebih.', 'Perpaduan brokoli segar dataran tinggi dengan racikan bumbu balado menghasilkan camilan unik yang tetap mempertahankan rasa alami brokoli namun dengan sensasi pedas yang menggugah selera.', 5, 40, NOW());
INSERT INTO umkm (id, nama, pemilik, alamat, no_hp, sejak, desa_id) OVERRIDING SYSTEM VALUE VALUES (41, 'Pak Agus Setiawan', 'Pak Agus Setiawan', 'Jl. Cibodas RT 02/RW 06, Desa Cibodas', '6281234561405', '2006', 4);
INSERT INTO produk (id, nama, harga, stok, gambar, deskripsi, satuan, keunggulan, cerita, kategori_id, umkm_id, created_at) OVERRIDING SYSTEM VALUE VALUES (78, 'Kentang Segar', 22000, 67, 'https://images.unsplash.com/photo-1523348837708-15d4a09cfac2?w=600&q=80', 'Kentang dataran tinggi dengan tekstur padat.', '1 kg', 'Cocok digoreng maupun direbus.', 'Kentang ini tumbuh di lahan vulkanik Desa Cibodas yang memiliki suhu rendah sehingga proses pembentukan umbi berlangsung lebih lambat. Hasilnya adalah kentang dengan tekstur lebih padat, rasa lebih manis alami, dan tidak mudah hancur saat dimasak.', 1, 41, NOW());
INSERT INTO produk (id, nama, harga, stok, gambar, deskripsi, satuan, keunggulan, cerita, kategori_id, umkm_id, created_at) OVERRIDING SYSTEM VALUE VALUES (79, 'Kentang Segar Premium', 28000, 32, 'https://images.unsplash.com/photo-1615485290382-441e4d049cb5?w=600&q=80', 'Kentang pilihan berukuran besar dan seragam.', '1 kg', 'Grade premium, cocok untuk restoran.', 'Hanya kentang dengan ukuran terbaik yang dipilih menjadi Grade Premium. Setiap umbi disortir secara manual untuk memastikan kualitas terbaik sampai ke konsumen.', 1, 41, NOW());
INSERT INTO umkm (id, nama, pemilik, alamat, no_hp, sejak, desa_id) OVERRIDING SYSTEM VALUE VALUES (42, 'Cibodas Frozen Food', 'Cibodas Frozen Food', 'Desa Wisata, Indonesia', '6285267900655', '2020', 4);
INSERT INTO produk (id, nama, harga, stok, gambar, deskripsi, satuan, keunggulan, cerita, kategori_id, umkm_id, created_at) OVERRIDING SYSTEM VALUE VALUES (80, 'Frozen French Fries', 32000, 58, 'https://images.unsplash.com/photo-1599490659213-e2b9527b0876?w=600&q=80', 'Kentang premium siap goreng.', '500 gr', 'Praktis, renyah, tanpa pengawet.', 'Kentang dipotong dan dibekukan tidak lama setelah panen sehingga rasa alami dan teksturnya tetap terjaga. Produk ini menjadi solusi praktis tanpa mengurangi kualitas hasil panen lokal.', 6, 42, NOW());
INSERT INTO umkm (id, nama, pemilik, alamat, no_hp, sejak, desa_id) OVERRIDING SYSTEM VALUE VALUES (43, 'Pak Irfan Hidayat', 'Pak Irfan Hidayat', 'Jl. Maribaya RT 01/RW 04, Desa Cibodas', '6281234561406', '2017', 4);
INSERT INTO produk (id, nama, harga, stok, gambar, deskripsi, satuan, keunggulan, cerita, kategori_id, umkm_id, created_at) OVERRIDING SYSTEM VALUE VALUES (81, 'Keripik Kentang Original', 20000, 40, 'https://images.unsplash.com/photo-1509440159596-0249088772ff?w=600&q=80', 'Keripik kentang tipis dan renyah.', '180 gr', 'Kentang lokal pilihan.', 'Keripik ini dibuat dari kentang pilihan yang dipanen langsung dari petani Desa Cibodas. Setiap irisan digoreng perlahan agar menghasilkan kerenyahan alami tanpa menghilangkan cita rasa khas kentang pegunungan.', 6, 43, NOW());
INSERT INTO produk (id, nama, harga, stok, gambar, deskripsi, satuan, keunggulan, cerita, kategori_id, umkm_id, created_at) OVERRIDING SYSTEM VALUE VALUES (82, 'Keripik Kentang BBQ', 22000, 74, 'https://images.unsplash.com/photo-1599490659213-e2b9527b0876?w=600&q=80', 'Keripik kentang rasa BBQ.', '180 gr', 'Bumbu rempah premium.', 'Varian BBQ menjadi favorit wisatawan yang berkunjung ke Lembang. Perpaduan kentang dataran tinggi dengan bumbu rempah menghasilkan rasa gurih dan aroma yang khas.', 6, 43, NOW());
INSERT INTO umkm (id, nama, pemilik, alamat, no_hp, sejak, desa_id) OVERRIDING SYSTEM VALUE VALUES (44, 'Pak Wawan Gunawan', 'Pak Wawan Gunawan', 'Jl. Cibodas RT 05/RW 02, Desa Cibodas', '6281234561407', '2011', 4);
INSERT INTO produk (id, nama, harga, stok, gambar, deskripsi, satuan, keunggulan, cerita, kategori_id, umkm_id, created_at) OVERRIDING SYSTEM VALUE VALUES (83, 'Wortel Segar', 12000, 27, 'https://images.unsplash.com/photo-1574316071802-0d684efa7bf5?w=600&q=80', 'Wortel segar kaya beta-karoten.', '500 gr', 'Dipanen harian, warna cerah.', 'Udara sejuk Desa Cibodas membuat wortel tumbuh lebih perlahan sehingga rasa manis alaminya berkembang dengan sempurna. Tanah vulkanik yang kaya mineral juga menghasilkan warna oranye yang lebih cerah.', 5, 44, NOW());
INSERT INTO produk (id, nama, harga, stok, gambar, deskripsi, satuan, keunggulan, cerita, kategori_id, umkm_id, created_at) OVERRIDING SYSTEM VALUE VALUES (84, 'Wortel Segar Premium', 16000, 28, 'https://images.unsplash.com/photo-1574316071802-0d684efa7bf5?w=600&q=80', 'Wortel pilihan ukuran seragam.', '500 gr', 'Grade premium.', 'Setiap wortel dipilih berdasarkan ukuran, bentuk, dan warna terbaik sehingga cocok untuk kebutuhan hotel maupun restoran.', 5, 44, NOW());
INSERT INTO umkm (id, nama, pemilik, alamat, no_hp, sejak, desa_id) OVERRIDING SYSTEM VALUE VALUES (45, 'Fresh Cibodas Juice', 'Fresh Cibodas Juice', 'Desa Wisata, Indonesia', '6285267900655', '2021', 4);
INSERT INTO produk (id, nama, harga, stok, gambar, deskripsi, satuan, keunggulan, cerita, kategori_id, umkm_id, created_at) OVERRIDING SYSTEM VALUE VALUES (85, 'Jus Wortel Murni', 18000, 81, 'https://images.unsplash.com/photo-1540420773420-3366772f4999?w=600&q=80', 'Jus wortel tanpa tambahan pewarna.', '250 ml', '100% wortel segar.', 'Jus ini dibuat dari wortel yang baru dipanen pada pagi hari. Tanpa tambahan pewarna maupun pengawet, rasa manis alami berasal langsung dari hasil bumi Desa Cibodas.', 5, 45, NOW());
INSERT INTO produk (id, nama, harga, stok, gambar, deskripsi, satuan, keunggulan, cerita, kategori_id, umkm_id, created_at) OVERRIDING SYSTEM VALUE VALUES (86, 'Jus Wortel Premium', 22000, 26, 'https://images.unsplash.com/photo-1574316071802-0d684efa7bf5?w=600&q=80', 'Jus wortel premium.', '300 ml', 'Menggunakan wortel pilihan.', 'Menggunakan wortel Grade Premium yang memiliki kandungan air lebih tinggi sehingga menghasilkan jus dengan rasa lebih segar dan tekstur lebih lembut.', 5, 45, NOW());
INSERT INTO umkm (id, nama, pemilik, alamat, no_hp, sejak, desa_id) OVERRIDING SYSTEM VALUE VALUES (46, 'Green Valley Farm', 'Green Valley Farm', 'Desa Wisata, Indonesia', '6285267900655', '2019', 4);
INSERT INTO produk (id, nama, harga, stok, gambar, deskripsi, satuan, keunggulan, cerita, kategori_id, umkm_id, created_at) OVERRIDING SYSTEM VALUE VALUES (87, 'Salad Pack Ready to Eat', 25000, 74, 'https://images.unsplash.com/photo-1574316071802-0d684efa7bf5?w=600&q=80', 'Salad siap santap.', '300 gr', 'Sayuran segar dipanen harian.', 'Setiap pagi sebelum matahari tinggi, sayuran dipanen lalu dicuci menggunakan air pegunungan yang jernih. Setelah melalui proses sortir, sayuran langsung dikemas agar kesegarannya tetap terjaga.', 5, 46, NOW());
INSERT INTO produk (id, nama, harga, stok, gambar, deskripsi, satuan, keunggulan, cerita, kategori_id, umkm_id, created_at) OVERRIDING SYSTEM VALUE VALUES (88, 'Caesar Salad Pack', 32000, 30, 'https://images.unsplash.com/photo-1540420773420-3366772f4999?w=600&q=80', 'Salad dengan saus Caesar premium.', '350 gr', 'Sayuran premium.', 'Menggunakan selada romaine pilihan yang tumbuh di udara sejuk Lembang sehingga menghasilkan tekstur lebih renyah dan rasa yang lebih segar dibandingkan sayuran dataran rendah.', 5, 46, NOW());
INSERT INTO produk (id, nama, harga, stok, gambar, deskripsi, satuan, keunggulan, cerita, kategori_id, umkm_id, created_at) OVERRIDING SYSTEM VALUE VALUES (89, 'Sayuran Siap Masak (Pakcoy Mix)', 20000, 94, 'https://images.unsplash.com/photo-1574316071802-0d684efa7bf5?w=600&q=80', 'Paket sayuran siap olah.', '500 gr', 'Praktis, segar.', 'Pakcoy, sawi, dan sayuran lainnya dipanen pada pagi hari lalu langsung dikemas agar pelanggan dapat menikmati kesegaran hasil panen tanpa harus membersihkan atau memilah kembali.', 5, 37, NOW());
INSERT INTO umkm (id, nama, pemilik, alamat, no_hp, sejak, desa_id) OVERRIDING SYSTEM VALUE VALUES (47, 'Ibu Siti Nurhayati', 'Ibu Siti Nurhayati', 'Jl. Maribaya RT 04/RW 05, Desa Cibodas', '6281234561408', '2012', 4);
INSERT INTO produk (id, nama, harga, stok, gambar, deskripsi, satuan, keunggulan, cerita, kategori_id, umkm_id, created_at) OVERRIDING SYSTEM VALUE VALUES (90, 'Stroberi Segar', 35000, 52, 'https://images.unsplash.com/photo-1615485290382-441e4d049cb5?w=600&q=80', 'Stroberi merah segar hasil kebun Lembang.', '500 gr', 'Manis alami, aroma harum.', 'Stroberi tumbuh optimal di dataran tinggi Lembang dengan suhu sejuk dan sinar matahari yang cukup. Buah dipetik satu per satu saat matang sempurna sehingga menghasilkan rasa manis dan aroma yang khas.', 1, 47, NOW());
INSERT INTO produk (id, nama, harga, stok, gambar, deskripsi, satuan, keunggulan, cerita, kategori_id, umkm_id, created_at) OVERRIDING SYSTEM VALUE VALUES (91, 'Stroberi Segar Premium', 45000, 101, 'https://images.unsplash.com/photo-1615485290382-441e4d049cb5?w=600&q=80', 'Stroberi ukuran besar pilihan.', '500 gr', 'Grade premium.', 'Hanya buah dengan ukuran besar, warna merah merata, dan tanpa cacat yang dipilih menjadi Grade Premium. Buah ini sering digunakan oleh hotel dan restoran sebagai bahan dessert.', 1, 47, NOW());
INSERT INTO umkm (id, nama, pemilik, alamat, no_hp, sejak, desa_id) OVERRIDING SYSTEM VALUE VALUES (48, 'Ibu Lina Marlina', 'Ibu Lina Marlina', 'Desa Wisata, Indonesia', '6285267900655', '2016', 4);
INSERT INTO produk (id, nama, harga, stok, gambar, deskripsi, satuan, keunggulan, cerita, kategori_id, umkm_id, created_at) OVERRIDING SYSTEM VALUE VALUES (92, 'Selai Stroberi Homemade', 28000, 61, 'https://images.unsplash.com/photo-1509440159596-0249088772ff?w=600&q=80', 'Selai stroberi rumahan.', '250 gr', 'Tanpa pengawet.', 'Resep selai ini diwariskan secara turun-temurun. Stroberi segar dimasak perlahan dalam jumlah kecil sehingga rasa buah tetap mendominasi tanpa tambahan perasa buatan.', 6, 48, NOW());
INSERT INTO produk (id, nama, harga, stok, gambar, deskripsi, satuan, keunggulan, cerita, kategori_id, umkm_id, created_at) OVERRIDING SYSTEM VALUE VALUES (93, 'Selai Stroberi Premium', 35000, 66, 'https://images.unsplash.com/photo-1599490659213-e2b9527b0876?w=600&q=80', 'Selai premium dengan kandungan buah tinggi.', '250 gr', 'Mengandung lebih dari 70% buah asli.', 'Menggunakan stroberi Grade Premium yang dipanen dari kebun terbaik Desa Cibodas. Kandungan buah yang tinggi menghasilkan tekstur lebih lembut dan rasa yang lebih autentik.', 6, 48, NOW());
INSERT INTO umkm (id, nama, pemilik, alamat, no_hp, sejak, desa_id) OVERRIDING SYSTEM VALUE VALUES (49, 'Berry Valley UMKM', 'Berry Valley UMKM', 'Desa Wisata, Indonesia', '6285267900655', '2018', 4);
INSERT INTO produk (id, nama, harga, stok, gambar, deskripsi, satuan, keunggulan, cerita, kategori_id, umkm_id, created_at) OVERRIDING SYSTEM VALUE VALUES (94, 'Sirup Stroberi', 30000, 69, 'https://images.unsplash.com/photo-1509440159596-0249088772ff?w=600&q=80', 'Sirup buah stroberi asli.', '500 ml', 'Tanpa pewarna sintetis.', 'Sirup dibuat dari sari buah stroberi segar yang dipanen pada musim terbaik. Aroma khas pegunungan tetap terasa di setiap tetesnya.', 6, 49, NOW());
INSERT INTO produk (id, nama, harga, stok, gambar, deskripsi, satuan, keunggulan, cerita, kategori_id, umkm_id, created_at) OVERRIDING SYSTEM VALUE VALUES (95, 'Sirup Stroberi Premium', 38000, 38, 'https://images.unsplash.com/photo-1599490659213-e2b9527b0876?w=600&q=80', 'Sirup premium dengan ekstrak buah lebih banyak.', '500 ml', 'Rasa lebih pekat.', 'Menggunakan buah premium dengan kadar gula alami yang tinggi sehingga menghasilkan rasa yang lebih kaya tanpa perlu banyak tambahan pemanis.', 6, 49, NOW());
INSERT INTO umkm (id, nama, pemilik, alamat, no_hp, sejak, desa_id) OVERRIDING SYSTEM VALUE VALUES (50, 'Cibodas Berry Farm', 'Cibodas Berry Farm', 'Desa Wisata, Indonesia', '6285267900655', '2019', 4);
INSERT INTO produk (id, nama, harga, stok, gambar, deskripsi, satuan, keunggulan, cerita, kategori_id, umkm_id, created_at) OVERRIDING SYSTEM VALUE VALUES (96, 'Stroberi Beku (Frozen)', 40000, 33, 'https://images.unsplash.com/photo-1599490659213-e2b9527b0876?w=600&q=80', 'Stroberi beku hasil pembekuan cepat.', '500 gr', 'Cocok untuk smoothie dan dessert.', 'Tidak semua stroberi dapat dijual dalam kondisi segar. Untuk mengurangi limbah pangan, buah yang telah dipanen segera dibekukan menggunakan teknologi quick freezing sehingga warna, rasa, dan kandungan gizinya tetap terjaga. Setiap pembelian produk ini juga membantu mengurangi hasil panen yang terbuang dan mendukung keberlanjutan UMKM lokal.', 6, 50, NOW());
INSERT INTO umkm (id, nama, pemilik, alamat, no_hp, sejak, desa_id) OVERRIDING SYSTEM VALUE VALUES (51, 'Pak Hendra Kusnadi', 'Pak Hendra Kusnadi', 'Desa Wisata, Indonesia', '6285267900655', '2009', 4);
INSERT INTO produk (id, nama, harga, stok, gambar, deskripsi, satuan, keunggulan, cerita, kategori_id, umkm_id, created_at) OVERRIDING SYSTEM VALUE VALUES (97, 'Kubis Organik', 18000, 34, 'https://images.unsplash.com/photo-1574316071802-0d684efa7bf5?w=600&q=80', 'Kubis organik segar dengan daun berlapis rapat, tekstur renyah, dan rasa manis alami. Cocok untuk tumisan, sup, salad, maupun olahan fermentasi.', '1 kg', 'Dibudidayakan tanpa pestisida kimia berlebihan, dipanen setiap pagi, kaya vitamin C dan serat.', 'Kubis organik ini tumbuh di lahan pertanian Desa Cibodas pada ketinggian sekitar 1.400 mdpl. Udara pegunungan yang sejuk, kabut pagi, serta tanah vulkanik yang kaya mineral membuat pertumbuhan kubis berlangsung lebih lambat sehingga menghasilkan daun yang lebih padat, renyah, dan memiliki rasa manis alami. Pak Hendra telah mengelola kebunnya selama lebih dari 16 tahun dengan menerapkan rotasi tanaman dan penggunaan pupuk kompos agar kesuburan tanah tetap terjaga. Setiap pembelian kubis ini turut mendukung pertanian ramah lingkungan di dataran tinggi Lembang.', 5, 51, NOW());
INSERT INTO umkm (id, nama, pemilik, alamat, no_hp, sejak, desa_id) OVERRIDING SYSTEM VALUE VALUES (52, 'Ibu Sri Wahyuni', 'Ibu Sri Wahyuni', 'Desa Wisata, Indonesia', '6285267900655', '2014', 4);
INSERT INTO produk (id, nama, harga, stok, gambar, deskripsi, satuan, keunggulan, cerita, kategori_id, umkm_id, created_at) OVERRIDING SYSTEM VALUE VALUES (98, 'Sawi Hijau', 10000, 94, 'https://images.unsplash.com/photo-1540420773420-3366772f4999?w=600&q=80', 'Sawi hijau segar dengan daun lebar berwarna hijau cerah dan batang yang renyah. Sangat cocok untuk tumisan, mie, bakso, maupun hotpot.', '500 gr', 'Dipanen kurang dari 24 jam sebelum dikirim, kaya vitamin A, C, dan kalsium, bebas pengawet.', 'Sawi hijau ini ditanam di lereng Desa Cibodas yang memiliki suhu rata-rata 18°C. Kondisi udara yang dingin membantu daun tumbuh lebih tebal dan segar. Setiap pagi sebelum matahari terbit, para petani mulai memanen sawi agar kandungan air di dalam daun tetap terjaga. Tradisi panen pagi ini telah dilakukan turun-temurun untuk memastikan konsumen mendapatkan sayuran dengan kualitas terbaik.', 5, 52, NOW());
INSERT INTO umkm (id, nama, pemilik, alamat, no_hp, sejak, desa_id) OVERRIDING SYSTEM VALUE VALUES (53, 'Pak Rudi Hartono', 'Pak Rudi Hartono', 'Kp. Citeko RT 01/RW 05, Desa Tugu Utara', '6281234561203', '2012', 4);
INSERT INTO produk (id, nama, harga, stok, gambar, deskripsi, satuan, keunggulan, cerita, kategori_id, umkm_id, created_at) OVERRIDING SYSTEM VALUE VALUES (99, 'Daun Bawang', 8000, 71, 'https://images.unsplash.com/photo-1615485290382-441e4d049cb5?w=600&q=80', 'Daun bawang segar dengan aroma harum dan batang hijau panjang. Cocok sebagai bumbu masakan, taburan sup, bakso, mie, dan berbagai hidangan Nusantara.', '250 gr', 'Aroma lebih kuat, dipanen segar setiap hari, tanpa bahan pengawet.', 'Daun bawang Desa Cibodas tumbuh subur berkat tanah vulkanik yang kaya unsur hara dan curah hujan yang tinggi sepanjang tahun. Perbedaan suhu siang dan malam membantu pembentukan minyak atsiri alami sehingga menghasilkan aroma yang lebih harum dibandingkan daun bawang dari dataran rendah. Pak Rudi bersama keluarganya telah membudidayakan tanaman ini selama lebih dari satu dekade dan tetap mempertahankan sistem panen manual agar kualitas batang tetap terjaga.', 1, 53, NOW());
INSERT INTO umkm (id, nama, pemilik, alamat, no_hp, sejak, desa_id) OVERRIDING SYSTEM VALUE VALUES (54, 'Ibu Lilis Suryani', 'Ibu Lilis Suryani', 'Desa Wisata, Indonesia', '6285267900655', '2015', 4);
INSERT INTO produk (id, nama, harga, stok, gambar, deskripsi, satuan, keunggulan, cerita, kategori_id, umkm_id, created_at) OVERRIDING SYSTEM VALUE VALUES (100, 'Seledri', 7000, 111, 'https://images.unsplash.com/photo-1574316071802-0d684efa7bf5?w=600&q=80', 'Seledri segar dengan aroma khas dan daun hijau cerah. Cocok sebagai pelengkap sup, bakso, soto, salad, maupun jus sehat.', '200 gr', 'Kaya antioksidan, dipanen harian, daun lebih segar dan harum.', 'Seledri ini dibudidayakan di lahan pertanian yang berada di kaki perbukitan Desa Cibodas. Suhu sejuk serta sinar matahari yang cukup membuat daun tumbuh lebih hijau dengan aroma yang lebih kuat. Ibu Lilis memulai usahanya dari kebun kecil di belakang rumah, kemudian berkembang menjadi pemasok seledri bagi pasar tradisional dan berbagai restoran di kawasan Lembang. Hingga kini, setiap ikat seledri masih dipanen dan dipilih secara manual untuk memastikan kualitas terbaik sampai ke tangan pelanggan.', 5, 54, NOW());
INSERT INTO umkm (id, nama, pemilik, alamat, no_hp, sejak, desa_id) OVERRIDING SYSTEM VALUE VALUES (55, 'Pak Eman Supriatna – Cibodas Bee Farm', 'Pak Eman Supriatna – Cibodas Bee Farm', 'Jl. Maribaya RT 03/RW 03, Desa Cibodas', '6281234561409', '2014', 4);
INSERT INTO produk (id, nama, harga, stok, gambar, deskripsi, satuan, keunggulan, cerita, kategori_id, umkm_id, created_at) OVERRIDING SYSTEM VALUE VALUES (101, 'Madu Kaliandra Murni', 75000, 102, 'https://images.unsplash.com/photo-1587049352846-4a222e784d38?w=600&q=80', 'Madu murni yang dihasilkan dari nektar bunga kaliandra dengan rasa manis ringan dan aroma floral yang khas.', '250 ml', '100% madu murni tanpa campuran, kaya antioksidan, dipanen secara alami.', 'Di lereng Desa Cibodas yang berada pada ketinggian sekitar 1.300 mdpl, hamparan bunga kaliandra tumbuh subur berkat udara sejuk dan tanah vulkanik yang kaya mineral. Lebah mengumpulkan nektar dari ribuan bunga setiap hari, menghasilkan madu berwarna kuning keemasan dengan aroma bunga yang lembut. Pak Eman telah membudidayakan lebah secara ramah lingkungan selama lebih dari satu dekade tanpa menggunakan bahan kimia, sehingga setiap tetes madu tetap murni dan alami.', 3, 55, NOW());
INSERT INTO produk (id, nama, harga, stok, gambar, deskripsi, satuan, keunggulan, cerita, kategori_id, umkm_id, created_at) OVERRIDING SYSTEM VALUE VALUES (102, 'Madu Kaliandra Murni Premium', 145000, 100, 'https://images.unsplash.com/photo-1471193945509-9ad0617afabf?w=600&q=80', 'Madu kaliandra premium dengan kadar air rendah dan kualitas terbaik hasil seleksi panen.', '500 ml', 'Grade premium, rasa lebih pekat, aroma lebih kuat, cocok sebagai oleh-oleh khas Lembang.', 'Hanya madu dengan kadar air rendah dan tingkat kematangan terbaik yang dipilih sebagai varian Premium. Setiap panen hanya sebagian kecil yang memenuhi standar ini sehingga kualitas rasa, aroma, dan kekentalannya lebih istimewa. Produk ini menjadi salah satu madu favorit wisatawan yang berkunjung ke kawasan Lembang.', 3, 55, NOW());
INSERT INTO umkm (id, nama, pemilik, alamat, no_hp, sejak, desa_id) OVERRIDING SYSTEM VALUE VALUES (56, 'Ibu Nia Kartika – Lembang Honey', 'Ibu Nia Kartika – Lembang Honey', 'Desa Wisata, Indonesia', '6285267900655', '2016', 4);
INSERT INTO produk (id, nama, harga, stok, gambar, deskripsi, satuan, keunggulan, cerita, kategori_id, umkm_id, created_at) OVERRIDING SYSTEM VALUE VALUES (103, 'Madu Multiflora', 70000, 113, 'https://images.unsplash.com/photo-1587049352846-4a222e784d38?w=600&q=80', 'Madu alami yang dihasilkan dari berbagai jenis bunga liar di kawasan pegunungan Lembang.', '250 ml', 'Rasa lebih kompleks, kaya vitamin dan mineral alami, tanpa tambahan gula.', 'Lebah tidak hanya mengunjungi satu jenis bunga. Mereka terbang bebas melewati kebun stroberi, tanaman hortikultura, bunga liar, hingga pepohonan hutan kecil di sekitar Desa Cibodas. Perpaduan nektar dari berbagai bunga inilah yang menghasilkan madu multiflora dengan rasa unik yang berbeda di setiap musim panen.', 3, 56, NOW());
INSERT INTO produk (id, nama, harga, stok, gambar, deskripsi, satuan, keunggulan, cerita, kategori_id, umkm_id, created_at) OVERRIDING SYSTEM VALUE VALUES (104, 'Madu Multiflora Premium', 135000, 27, 'https://images.unsplash.com/photo-1471193945509-9ad0617afabf?w=600&q=80', 'Madu multiflora pilihan dengan kandungan nektar lebih kaya dan kualitas premium.', '500 ml', 'Dipanen saat musim bunga terbaik, tekstur lebih kental, aroma alami lebih kuat.', 'Pada musim bunga bermekaran, lebah menghasilkan madu dengan aroma dan cita rasa yang lebih kaya. Varian Premium berasal dari panen terbaik pada musim tersebut dan hanya dikemas dalam jumlah terbatas untuk menjaga kualitasnya.', 3, 56, NOW());
INSERT INTO umkm (id, nama, pemilik, alamat, no_hp, sejak, desa_id) OVERRIDING SYSTEM VALUE VALUES (57, 'UMKM HoneyFresh Cibodas', 'UMKM HoneyFresh Cibodas', 'Desa Wisata, Indonesia', '6285267900655', '2019', 4);
INSERT INTO produk (id, nama, harga, stok, gambar, deskripsi, satuan, keunggulan, cerita, kategori_id, umkm_id, created_at) OVERRIDING SYSTEM VALUE VALUES (105, 'Honey Lemon', 48000, 60, 'https://images.unsplash.com/photo-1587049352846-4a222e784d38?w=600&q=80', 'Minuman kesehatan berbahan madu murni dan sari lemon segar yang siap dikonsumsi.', '350 ml', 'Menyegarkan, kaya vitamin C, membantu menjaga daya tahan tubuh.', 'Berawal dari kebiasaan masyarakat Desa Cibodas mengonsumsi madu hangat saat udara dingin, UMKM HoneyFresh mengembangkan minuman Honey Lemon sebagai minuman praktis yang tetap mempertahankan manfaat madu alami. Lemon segar dipilih dari kebun lokal dan dipadukan dengan madu kaliandra murni sehingga menghasilkan rasa manis, segar, dan sedikit asam yang menyenangkan.', 3, 57, NOW());
INSERT INTO produk (id, nama, harga, stok, gambar, deskripsi, satuan, keunggulan, cerita, kategori_id, umkm_id, created_at) OVERRIDING SYSTEM VALUE VALUES (106, 'Honey Ginger', 52000, 66, 'https://images.unsplash.com/photo-1587049352846-4a222e784d38?w=600&q=80', 'Minuman herbal berbahan madu murni dan ekstrak jahe pilihan khas dataran tinggi.', '350 ml', 'Menghangatkan tubuh, cocok diminum saat cuaca dingin, tanpa bahan pengawet.', 'Udara sejuk Desa Cibodas sering kali membuat masyarakat menikmati minuman hangat di pagi atau malam hari. Dari kebiasaan inilah lahir Honey Ginger, perpaduan madu kaliandra dengan jahe segar yang ditanam di lahan pegunungan. Minuman ini menjadi favorit wisatawan karena memberikan sensasi hangat alami sekaligus memperkenalkan cita rasa khas hasil bumi Lembang.', 3, 57, NOW());
INSERT INTO umkm (id, nama, pemilik, alamat, no_hp, sejak, desa_id) OVERRIDING SYSTEM VALUE VALUES (58, 'Pak Hendra Kurniawan', 'Pak Hendra Kurniawan', 'Jl. Cibodas RT 01/RW 07, Desa Cibodas', '6281234561410', '2011', 4);
INSERT INTO produk (id, nama, harga, stok, gambar, deskripsi, satuan, keunggulan, cerita, kategori_id, umkm_id, created_at) OVERRIDING SYSTEM VALUE VALUES (107, 'Biji kopi Arabika premium yang telah melalui proses sangrai (medium roast) sehingga menghasilkan aroma floral dan cita rasa seimbang dengan sedikit sentuhan karamel. Cocok untuk metode seduh V60, French Press, maupun Espresso.', 75000, 59, 'https://images.unsplash.com/photo-1509042239860-f550ce710b93?w=600&q=80', '', '250 gr', '✔ 100% Arabika Lembang✔ Medium Roast✔ Aroma floral dan fruity✔ Dipanggang dalam batch kecil agar kualitas tetap terjaga', 'Kopi ini berasal dari kebun kopi di lereng utara Lembang pada ketinggian sekitar 1.400 mdpl. Udara yang sejuk (16–22°C), tanah vulkanik yang kaya mineral, dan kabut pagi yang rutin menyelimuti perkebunan membuat buah kopi matang lebih lambat sehingga menghasilkan rasa yang lebih kompleks dan aroma yang khas. Pak Hendra telah membudidayakan kopi Arabika bersama keluarganya selama lebih dari satu dekade dengan menerapkan panen selektif, yaitu hanya memetik buah berwarna merah sempurna agar kualitas setiap cangkir kopi tetap terjaga.', 2, 58, NOW());
INSERT INTO produk (id, nama, harga, stok, gambar, deskripsi, satuan, keunggulan, cerita, kategori_id, umkm_id, created_at) OVERRIDING SYSTEM VALUE VALUES (108, 'Biji kopi Arabika Grade Specialty dengan kualitas terbaik hasil seleksi manual. Memiliki body yang lebih penuh, tingkat keasaman seimbang, serta aftertaste yang manis.', 145000, 68, 'https://images.unsplash.com/photo-1509042239860-f550ce710b93?w=600&q=80', '', '500 gr', '✔ Specialty Grade✔ Dipilih dari cherry terbaik✔ Cocok untuk café dan coffee shop', 'Tidak semua buah kopi dapat menjadi kopi premium. Dari ribuan buah yang dipanen, hanya biji dengan ukuran seragam, tingkat kematangan sempurna, dan bebas cacat yang dipilih menjadi Arabika Premium. Setelah dipetik, kopi diproses secara hati-hati dan disangrai dalam jumlah kecil untuk mempertahankan karakter asli kopi pegunungan Lembang.', 2, 58, NOW());
INSERT INTO umkm (id, nama, pemilik, alamat, no_hp, sejak, desa_id) OVERRIDING SYSTEM VALUE VALUES (59, 'Kelompok Tani Kopi Cibodas', 'Kelompok Tani Kopi Cibodas', 'Desa Wisata, Indonesia', '6285267900655', '2014', 4);
INSERT INTO produk (id, nama, harga, stok, gambar, deskripsi, satuan, keunggulan, cerita, kategori_id, umkm_id, created_at) OVERRIDING SYSTEM VALUE VALUES (109, 'Biji kopi Arabika mentah (green bean) yang telah melalui proses pencucian dan pengeringan alami. Cocok untuk roastery maupun pecinta kopi yang ingin melakukan proses roasting sendiri.', 90000, 64, 'https://images.unsplash.com/photo-1509042239860-f550ce710b93?w=600&q=80', '', '500 gr', '✔ Kadar air terkontrol✔ Diproses secara natural✔ Siap untuk roasting', 'Sebelum menjadi secangkir kopi nikmat, setiap biji kopi melalui proses panjang mulai dari pemetikan buah merah, pencucian, fermentasi alami, hingga pengeringan di bawah sinar matahari pegunungan. Green Bean ini mempertahankan karakter asli kopi Lembang sehingga para roaster dapat mengembangkan profil rasa sesuai preferensi mereka.', 2, 59, NOW());
INSERT INTO umkm (id, nama, pemilik, alamat, no_hp, sejak, desa_id) OVERRIDING SYSTEM VALUE VALUES (60, 'Cibodas Coffee House', 'Cibodas Coffee House', 'Desa Wisata, Indonesia', '6285267900655', '2019', 4);
INSERT INTO produk (id, nama, harga, stok, gambar, deskripsi, satuan, keunggulan, cerita, kategori_id, umkm_id, created_at) OVERRIDING SYSTEM VALUE VALUES (110, 'Kopi Arabika dalam kemasan drip bag praktis yang dapat langsung diseduh tanpa alat khusus. Cocok untuk dinikmati saat bekerja, bepergian, maupun di rumah.', 68000, 39, 'https://images.unsplash.com/photo-1497935586351-b67a49e012bf?w=600&q=80', '', '100 gr (10 x 10 gr)', '✔ Praktis diseduh✔ Aroma tetap terjaga✔ Tanpa gula dan bahan tambahan', 'Berawal dari banyaknya wisatawan yang ingin menikmati kopi Lembang di mana saja, UMKM Cibodas Coffee House menghadirkan kopi dalam bentuk drip bag. Meskipun praktis, setiap sachet tetap menggunakan kopi Arabika pilihan yang baru digiling sebelum dikemas sehingga aroma dan cita rasanya tetap terjaga. Dengan membeli produk ini, Anda turut mendukung petani kopi lokal serta UMKM yang mengolah hasil panen menjadi produk bernilai tinggi.', 2, 60, NOW());
INSERT INTO umkm (id, nama, pemilik, alamat, no_hp, sejak, desa_id) OVERRIDING SYSTEM VALUE VALUES (61, 'Lembang Brew Co.', 'Lembang Brew Co.', 'Desa Wisata, Indonesia', '6285267900655', '2021', 4);
INSERT INTO produk (id, nama, harga, stok, gambar, deskripsi, satuan, keunggulan, cerita, kategori_id, umkm_id, created_at) OVERRIDING SYSTEM VALUE VALUES (111, 'Konsentrat kopi Arabika yang diekstraksi menggunakan metode cold brew selama 18 jam sehingga menghasilkan rasa lebih lembut, rendah keasaman, dan aroma yang kaya. Dapat disajikan dingin maupun dicampur susu.', 85000, 42, 'https://images.unsplash.com/photo-1509042239860-f550ce710b93?w=600&q=80', '', '500 ml', '✔ Ekstraksi 18 jam✔ Low Acidity✔ Tanpa pengawet✔ Siap diminum', 'Cold Brew ini dibuat dari biji kopi Arabika yang ditanam di dataran tinggi Desa Cibodas. Proses ekstraksi dingin selama 18 jam menghasilkan cita rasa yang lebih halus dibandingkan kopi seduh biasa. Setiap botol dibuat dalam jumlah terbatas menggunakan air pegunungan yang jernih agar karakter kopi tetap autentik. Produk ini menjadi bukti bagaimana hasil panen kopi lokal dapat diolah menjadi minuman modern tanpa menghilangkan identitas asalnya.', 2, 61, NOW());
INSERT INTO umkm (id, nama, pemilik, alamat, no_hp, sejak, desa_id) OVERRIDING SYSTEM VALUE VALUES (62, 'Pak Ujang Suryana', 'Pak Ujang Suryana', 'Jl. Maribaya RT 02/RW 01, Desa Cibodas', '6281234561411', '2012', 4);
INSERT INTO produk (id, nama, harga, stok, gambar, deskripsi, satuan, keunggulan, cerita, kategori_id, umkm_id, created_at) OVERRIDING SYSTEM VALUE VALUES (112, 'Keranjang Bambu', 75000, 94, 'https://images.unsplash.com/photo-1606744824163-985d376605aa?w=600&q=80', 'Keranjang anyaman bambu buatan tangan yang cocok digunakan sebagai wadah buah, hampers, atau dekorasi rumah.', '±800 gr', 'Dibuat 100% secara handmade menggunakan bambu pilihan, kuat, ringan, dan ramah lingkungan.', 'Di lereng Desa Cibodas, bambu tumbuh subur berkat udara pegunungan yang sejuk dan curah hujan yang tinggi. Pak Ujang memanfaatkan bambu yang telah berumur lebih dari tiga tahun agar seratnya lebih kuat dan tahan lama. Setiap keranjang dianyam secara manual selama 6–8 jam menggunakan teknik tradisional yang diwariskan dari orang tuanya. Dengan membeli produk ini, Anda turut membantu melestarikan kerajinan anyaman bambu khas masyarakat Lembang yang mulai jarang ditekuni generasi muda.', 4, 62, NOW());
INSERT INTO umkm (id, nama, pemilik, alamat, no_hp, sejak, desa_id) OVERRIDING SYSTEM VALUE VALUES (63, 'Ibu Sari Nurjanah', 'Ibu Sari Nurjanah', 'Desa Wisata, Indonesia', '6285267900655', '2015', 4);
INSERT INTO produk (id, nama, harga, stok, gambar, deskripsi, satuan, keunggulan, cerita, kategori_id, umkm_id, created_at) OVERRIDING SYSTEM VALUE VALUES (113, 'Besek', 28000, 36, 'https://images.unsplash.com/photo-1531835551805-16d864c8d311?w=600&q=80', 'Besek bambu tradisional yang biasa digunakan sebagai wadah makanan, hantaran, maupun kemasan produk UMKM.', '±350 gr', 'Ramah lingkungan, dapat digunakan kembali, dan menjadi pengganti kemasan plastik.', 'Besek ini dibuat dari bilah bambu yang dipotong tipis lalu dijemur secara alami sebelum dianyam satu per satu. Proses tersebut membuat anyaman lebih lentur dan tidak mudah patah. Bagi masyarakat Desa Cibodas, besek bukan sekadar wadah, tetapi simbol kebersamaan yang sering digunakan saat acara adat maupun pembagian hasil panen kepada tetangga.', 4, 63, NOW());
INSERT INTO umkm (id, nama, pemilik, alamat, no_hp, sejak, desa_id) OVERRIDING SYSTEM VALUE VALUES (64, 'Pak Yayan Kurnia', 'Pak Yayan Kurnia', 'Desa Wisata, Indonesia', '6285267900655', '2018', 4);
INSERT INTO produk (id, nama, harga, stok, gambar, deskripsi, satuan, keunggulan, cerita, kategori_id, umkm_id, created_at) OVERRIDING SYSTEM VALUE VALUES (114, 'Pot Tanaman', 95000, 55, 'https://images.unsplash.com/photo-1606744824163-985d376605aa?w=600&q=80', 'Pot tanaman berbahan kayu pinus lokal yang dirancang dengan desain minimalis untuk tanaman hias maupun tanaman herbal.', '±1,2 kg', 'Menggunakan kayu pinus berkualitas, finishing natural, tahan lama, dan cocok untuk dekorasi rumah.', 'Kayu pinus yang digunakan berasal dari kawasan hutan produksi di sekitar Lembang dan dipilih dari pohon yang telah memenuhi usia tebang sesuai prinsip pengelolaan hutan berkelanjutan. Setiap pot dipotong, dirakit, dan diamplas secara manual sehingga memiliki karakter serat kayu yang unik. Banyak wisatawan menjadikan produk ini sebagai oleh-oleh khas karena menghadirkan nuansa alami pegunungan Cibodas ke dalam rumah mereka.', 4, 64, NOW());
INSERT INTO umkm (id, nama, pemilik, alamat, no_hp, sejak, desa_id) OVERRIDING SYSTEM VALUE VALUES (65, 'Pak Eko Firmansyah', 'Pak Eko Firmansyah', 'Desa Wisata, Indonesia', '6285267900655', '2016', 4);
INSERT INTO produk (id, nama, harga, stok, gambar, deskripsi, satuan, keunggulan, cerita, kategori_id, umkm_id, created_at) OVERRIDING SYSTEM VALUE VALUES (115, 'Rak Mini', 165000, 32, 'https://images.unsplash.com/photo-1615485290382-441e4d049cb5?w=600&q=80', 'Rak serbaguna berbahan kayu pinus yang dapat digunakan untuk menyimpan tanaman kecil, bumbu dapur, buku, atau dekorasi ruangan.', '±2 kg', 'Desain minimalis, kokoh, handmade, dan menggunakan kayu lokal berkualitas.', 'Awalnya Pak Eko merupakan seorang petani sayuran. Ketika musim panen selesai, ia memanfaatkan waktu luangnya untuk membuat rak kayu sederhana dari sisa kayu pinus yang tidak terpakai. Seiring meningkatnya minat masyarakat terhadap dekorasi bergaya natural, usaha kecil tersebut berkembang menjadi salah satu UMKM kerajinan unggulan Desa Cibodas. Setiap rak dibuat secara manual selama 1–2 hari dengan tetap mempertahankan tekstur alami kayu sehingga setiap produk memiliki corak yang berbeda dan tidak ada yang benar-benar sama.', 1, 65, NOW());
INSERT INTO produk (id, nama, harga, stok, gambar, deskripsi, satuan, keunggulan, cerita, kategori_id, umkm_id, created_at) OVERRIDING SYSTEM VALUE VALUES (116, 'Keripik Brokoli Original', 22000, 37, 'https://images.unsplash.com/photo-1574316071802-0d684efa7bf5?w=600&q=80', 'Keripik sehat berbahan brokoli segar pilihan dengan cita rasa gurih alami.', '150 gr', 'Dibuat dari brokoli Grade A, rendah minyak, tanpa pengawet, kaya serat dan vitamin.', 'Brokoli yang dipanen dari dataran tinggi Desa Cibodas tidak semuanya memiliki ukuran yang sesuai standar supermarket. Agar hasil panen tetap bernilai dan tidak terbuang sia-sia, para ibu rumah tangga mengolah brokoli pilihan menjadi keripik renyah. Kini camilan sehat ini menjadi salah satu oleh-oleh khas Lembang sekaligus membantu mengurangi limbah pangan dan meningkatkan pendapatan petani lokal.', 5, 40, NOW());
INSERT INTO umkm (id, nama, pemilik, alamat, no_hp, sejak, desa_id) OVERRIDING SYSTEM VALUE VALUES (66, 'UMKM Lestari Cibodas (Ibu Yayah Suryani)', 'UMKM Lestari Cibodas (Ibu Yayah Suryani)', 'Desa Wisata, Indonesia', '6285267900655', '2018', 4);
INSERT INTO produk (id, nama, harga, stok, gambar, deskripsi, satuan, keunggulan, cerita, kategori_id, umkm_id, created_at) OVERRIDING SYSTEM VALUE VALUES (117, 'Keripik Bayam Original', 18000, 45, 'https://images.unsplash.com/photo-1540420773420-3366772f4999?w=600&q=80', 'Keripik bayam dengan tekstur renyah dan rasa gurih alami.', '120 gr', 'Menggunakan bayam segar panen pagi, tanpa pewarna buatan, kaya zat besi dan serat.', 'Bayam yang tumbuh di udara sejuk Desa Cibodas memiliki daun yang lebih lebar dan segar berkat tanah vulkanik yang kaya mineral. Daun-daun pilihan dipetik saat matahari belum terlalu tinggi agar kesegarannya tetap terjaga sebelum diolah menjadi keripik yang renyah dan bergizi.', 5, 66, NOW());
INSERT INTO produk (id, nama, harga, stok, gambar, deskripsi, satuan, keunggulan, cerita, kategori_id, umkm_id, created_at) OVERRIDING SYSTEM VALUE VALUES (118, 'Keripik Kentang Original', 20000, 59, 'https://images.unsplash.com/photo-1509440159596-0249088772ff?w=600&q=80', 'Keripik kentang tipis dengan rasa gurih alami khas kentang dataran tinggi.', '180 gr', 'Menggunakan kentang Granola pilihan, tanpa bahan pengawet, renyah lebih lama.', 'Kentang yang tumbuh di dataran tinggi Lembang memiliki kadar air lebih rendah sehingga menghasilkan tekstur yang padat dan renyah saat digoreng. Setiap kentang diiris tipis menggunakan alat khusus, lalu dimasak dengan suhu yang terkontrol agar menghasilkan kerenyahan sempurna tanpa menghilangkan cita rasa alami kentang pegunungan.', 6, 43, NOW());
INSERT INTO umkm (id, nama, pemilik, alamat, no_hp, sejak, desa_id) OVERRIDING SYSTEM VALUE VALUES (67, 'UMKM Berry Lembang (Ibu Lina Marlina)', 'UMKM Berry Lembang (Ibu Lina Marlina)', 'Desa Wisata, Indonesia', '6285267900655', '2016', 4);
INSERT INTO produk (id, nama, harga, stok, gambar, deskripsi, satuan, keunggulan, cerita, kategori_id, umkm_id, created_at) OVERRIDING SYSTEM VALUE VALUES (119, 'Dodol Stroberi', 32000, 94, 'https://images.unsplash.com/photo-1599490659213-e2b9527b0876?w=600&q=80', 'Dodol tradisional dengan rasa manis alami dari stroberi segar Lembang.', '250 gr', 'Mengandung buah stroberi asli, tekstur lembut, tanpa pewarna sintetis.', 'Saat musim panen raya, sebagian stroberi matang tidak dapat dijual sebagai buah segar karena umur simpannya yang pendek. Agar hasil panen tetap bernilai ekonomi, masyarakat Desa Cibodas mengolahnya menjadi dodol stroberi dengan resep turun-temurun. Perpaduan buah segar dan proses memasak perlahan menghasilkan rasa manis alami yang menjadi favorit wisatawan.', 6, 67, NOW());
INSERT INTO produk (id, nama, harga, stok, gambar, deskripsi, satuan, keunggulan, cerita, kategori_id, umkm_id, created_at) OVERRIDING SYSTEM VALUE VALUES (120, 'Permen Stroberi', 16000, 32, 'https://images.unsplash.com/photo-1599490659213-e2b9527b0876?w=600&q=80', 'Permen buah dengan ekstrak stroberi asli yang menyegarkan.', '100 gr', 'Menggunakan sari buah stroberi lokal, rasa buah lebih dominan, praktis dibawa bepergian.', 'Terinspirasi dari melimpahnya hasil panen stroberi di Desa Cibodas, para pelaku UMKM menciptakan permen stroberi sebagai camilan praktis yang dapat dinikmati kapan saja. Setiap butir permen dibuat dari sari buah stroberi asli sehingga menghadirkan aroma khas dataran tinggi Lembang dalam setiap gigitan.', 6, 47, NOW());
INSERT INTO umkm (id, nama, pemilik, alamat, no_hp, sejak, desa_id) OVERRIDING SYSTEM VALUE VALUES (68, 'UMKM Sehat Lestari Cibodas', 'UMKM Sehat Lestari Cibodas', 'Jl. Maribaya RT 05/RW 03, Desa Cibodas', '6281234561412', '2021', 4);
INSERT INTO produk (id, nama, harga, stok, gambar, deskripsi, satuan, keunggulan, cerita, kategori_id, umkm_id, created_at) OVERRIDING SYSTEM VALUE VALUES (121, 'Stik Sayuran', 24000, 84, 'https://images.unsplash.com/photo-1574316071802-0d684efa7bf5?w=600&q=80', 'Camilan sehat berbahan campuran bayam, wortel, brokoli, dan pakcoy.', '180 gr', 'Menggunakan sayuran segar lokal, tanpa pengawet, kaya serat dan vitamin.', 'Stik sayuran lahir dari semangat masyarakat Desa Cibodas untuk mengolah hasil panen hortikultura menjadi camilan yang disukai semua kalangan, terutama anak-anak. Campuran brokoli, bayam, wortel, dan pakcoy dipilih langsung dari kebun petani lokal, kemudian diolah menjadi stik renyah tanpa menghilangkan cita rasa alami sayuran. Setiap pembelian produk ini turut mendukung keberlanjutan UMKM desa dan mengurangi potensi terbuangnya hasil panen segar.', 5, 68, NOW());